file,label,Lines,Contours,Contours Size,Fast
IMG_4064.png,9,669,3,9363,409
IMG_4070.png,9,668,4,12276,419
IMG_4058.png,9,687,2,12261,468
IMG_3723.png,6,267,1,3983,172
IMG_3910.png,3,505,1,4453,142
IMG_3904.png,3,407,2,5085,138
IMG_3938.png,6,639,1,8473,269
IMG_4110.png,6,469,1,9992,324
IMG_4104.png,6,357,1,4921,282
IMG_3643.png,3,128,1,2712,120
IMG_3657.png,2,102,2,2006,76
IMG_4138.png,4,102,1,2828,86
IMG_3864.png,9,439,1,7542,250
IMG_3870.png,7,591,4,5328,228
IMG_3858.png,9,446,3,7500,255
IMG_3680.png,9,445,1,10642,340
IMG_3694.png,5,372,2,7722,211
IMG_3695.png,4,219,3,4694,149
IMG_3681.png,7,461,2,11787,351
IMG_3859.png,9,545,5,7602,284
IMG_3871.png,7,534,1,4378,198
IMG_3865.png,9,613,3,7043,284
IMG_4139.png,4,81,1,1411,74
IMG_3656.png,1,91,3,3769,124
IMG_3642.png,3,149,1,4814,187
IMG_4105.png,6,541,3,10477,513
IMG_4111.png,6,330,1,5404,204
IMG_3939.png,6,431,1,7951,209
IMG_3905.png,3,210,1,4574,199
IMG_3911.png,11,836,1,10275,375
IMG_3722.png,6,466,1,8451,289
IMG_4059.png,9,540,2,7948,311
IMG_4071.png,8,365,1,6057,209
IMG_4065.png,9,844,4,14256,541
IMG_4073.png,8,518,2,12167,407
IMG_4067.png,9,1066,1,23380,809
IMG_3708.png,10,646,4,9225,297
IMG_3720.png,7,411,1,6885,199
IMG_3907.png,2,502,1,4247,189
IMG_3913.png,11,655,2,7050,326
IMG_4098.png,7,359,1,8532,327
IMG_3668.png,4,262,2,5574,179
IMG_4107.png,6,326,1,5213,255
IMG_3654.png,1,79,3,3831,119
IMG_3640.png,3,231,2,8846,266
IMG_3898.png,3,2336,1,5676,245
IMG_3873.png,7,782,2,5284,226
IMG_3697.png,2,76,1,1874,75
IMG_3683.png,7,393,1,6346,257
IMG_3696.png,2,93,2,1984,103
IMG_3872.png,7,507,1,3666,212
IMG_3899.png,3,1528,1,3337,163
IMG_3641.png,3,207,1,7204,221
IMG_3655.png,1,96,3,3428,101
IMG_4112.png,6,728,2,17606,682
IMG_4106.png,6,354,1,7144,352
IMG_4099.png,7,653,1,16346,552
IMG_3912.png,11,770,2,11095,343
IMG_3906.png,3,414,1,5408,237
IMG_3721.png,7,647,1,11001,383
IMG_3709.png,6,365,3,7387,220
IMG_4066.png,9,850,1,18795,616
IMG_4072.png,8,749,1,14843,456
IMG_3725.png,5,315,2,7045,258
IMG_3731.png,5,419,2,9262,202
IMG_3719.png,7,399,1,7200,217
IMG_4076.png,8,738,2,10496,479
IMG_4062.png,9,430,3,6981,250
IMG_4089.png,7,901,2,16997,709
IMG_3902.png,3,726,1,2551,144
IMG_3916.png,11,1074,3,17894,549
IMG_3651.png,1,75,1,1526,84
IMG_3889.png,5,496,2,7936,246
IMG_3645.png,3,180,1,6234,167
IMG_4102.png,6,363,3,6206,238
IMG_4116.png,6,726,3,18182,726
IMG_3679.png,9,427,1,9541,311
IMG_3692.png,5,363,3,10018,252
IMG_3876.png,7,520,3,6898,229
IMG_3862.png,9,573,2,8013,287
IMG_3863.png,9,433,2,5594,245
IMG_3877.png,7,460,2,7595,251
IMG_3687.png,6,248,1,4059,163
IMG_3693.png,5,377,2,8443,217
IMG_3678.png,8,365,1,6574,239
IMG_4117.png,6,1073,2,23849,1088
IMG_4103.png,6,555,1,14040,500
IMG_3644.png,3,155,1,3748,100
IMG_3650.png,6,387,1,8476,196
IMG_3917.png,11,1112,4,15224,485
IMG_3903.png,3,1490,1,2525,143
IMG_4088.png,7,396,1,8550,349
IMG_4063.png,9,489,2,7853,317
IMG_4077.png,8,925,3,15115,596
IMG_3718.png,7,386,3,5450,210
IMG_3724.png,5,383,2,8233,323
IMG_3726.png,5,324,1,9726,299
IMG_4049.png,10,696,2,11932,474
IMG_4061.png,9,619,4,8343,367
IMG_4075.png,8,408,2,6193,186
IMG_3929.png,10,746,4,8101,319
IMG_3915.png,11,663,1,7592,292
IMG_3901.png,3,600,3,3912,118
IMG_4129.png,5,445,3,12355,389
IMG_3646.png,3,289,2,8272,265
IMG_3652.png,1,71,1,1706,90
IMG_4115.png,6,450,1,8700,340
IMG_4101.png,6,532,2,14624,479
IMG_3685.png,5,253,1,5376,185
IMG_3849.png,7,341,2,5898,250
IMG_3691.png,5,384,2,8471,228
IMG_3861.png,9,595,1,4142,268
IMG_3875.png,7,735,3,3027,210
IMG_3874.png,7,899,4,4404,214
IMG_3860.png,9,635,3,9588,295
IMG_3690.png,5,377,2,8344,281
IMG_3848.png,11,630,3,10553,428
IMG_3684.png,5,238,1,5654,190
IMG_4100.png,7,550,3,10055,355
IMG_4114.png,6,738,6,19823,829
IMG_3653.png,1,85,4,3964,116
IMG_3647.png,3,200,1,6355,192
IMG_4128.png,5,351,2,8096,304
IMG_3900.png,3,1093,2,3095,125
IMG_3928.png,10,896,3,10881,372
IMG_4074.png,8,520,1,7451,309
IMG_4060.png,9,575,1,10833,424
IMG_4048.png,10,663,1,10224,478
IMG_3727.png,5,425,3,9829,327
IMG_4007.png,13,794,3,13834,489
IMG_3967.png,2,1444,1,4017,172
IMG_3797.png,9,506,2,5834,241
IMG_4205.png,1,60,1,1404,69
IMG_4211.png,0,0,0,0,1
IMG_4173.png,3,147,3,3293,94
IMG_3608.png,9,456,2,6957,250
IMG_4167.png,3,277,1,7699,368
IMG_3620.png,9,421,1,8641,308
IMG_3634.png,3,182,1,3979,108
IMG_3807.png,5,259,2,4806,191
IMG_3813.png,3,2869,1,3592,162
IMG_4198.png,2,111,1,1994,88
IMG_4199.png,2,171,1,5511,221
IMG_3812.png,3,258,1,3238,142
IMG_3806.png,9,429,1,6373,241
IMG_3635.png,3,146,1,3157,100
IMG_3621.png,9,408,1,8820,309
IMG_4166.png,3,55,1,1006,54
IMG_3609.png,9,417,1,5429,207
IMG_4172.png,3,257,3,4339,208
IMG_4210.png,0,0,0,0,1
IMG_4204.png,1,67,2,2264,98
IMG_3796.png,9,274,1,4850,185
IMG_3966.png,2,1959,1,8844,266
IMG_3972.png,10,1295,4,11831,465
IMG_3999.png,13,860,1,12381,466
IMG_4010.png,12,629,1,11673,434
IMG_4004.png,13,798,2,13198,530
IMG_4038.png,10,470,2,6770,351
IMG_3964.png,3,1470,2,10546,328
IMG_3970.png,10,1270,4,14633,594
IMG_3958.png,3,2895,1,12948,436
IMG_4212.png,0,0,0,0,1
IMG_4206.png,1,35,2,1745,54
IMG_4164.png,3,597,4,11655,737
IMG_4170.png,3,155,1,1415,141
IMG_3637.png,3,139,1,4274,152
IMG_4158.png,3,166,1,3930,173
IMG_3623.png,6,355,2,7444,223
IMG_3810.png,5,280,3,2872,183
IMG_3838.png,6,1302,2,3218,198
IMG_3839.png,6,540,2,3120,183
IMG_3805.png,8,332,1,4327,165
IMG_3811.png,3,90,1,984,81
IMG_3622.png,6,306,2,6199,189
IMG_4159.png,3,80,1,1100,72
IMG_3636.png,3,169,1,2776,110
IMG_4171.png,3,130,1,2763,112
IMG_4165.png,3,173,1,7079,197
IMG_4207.png,1,66,1,1368,100
IMG_4213.png,0,0,0,0,0
IMG_3795.png,9,293,1,5679,206
IMG_3959.png,5,1757,1,13750,569
IMG_3971.png,10,1408,3,12685,539
IMG_3965.png,2,2952,2,10455,344
IMG_4039.png,10,344,1,8021,351
IMG_4005.png,13,788,2,12592,508
IMG_4011.png,12,978,2,18780,611
IMG_4029.png,11,519,2,6673,298
IMG_4015.png,12,895,3,11761,487
IMG_4001.png,13,767,2,11502,442
IMG_3791.png,9,535,5,5700,250
IMG_3949.png,4,539,1,4770,160
IMG_3961.png,4,2067,1,15532,579
IMG_3975.png,14,1125,1,24148,736
IMG_4217.png,0,90,1,1457,62
IMG_4203.png,1,38,1,1400,58
IMG_3632.png,6,253,1,4728,175
IMG_4149.png,4,425,3,11037,499
IMG_3626.png,6,415,1,8981,257
IMG_4161.png,3,259,1,9766,400
IMG_4175.png,3,248,1,5894,204
IMG_3829.png,4,488,3,6094,242
IMG_3815.png,5,630,4,7749,302
IMG_3801.png,9,420,1,5193,244
IMG_3800.png,9,451,4,5884,256
IMG_3814.png,3,586,1,3970,134
IMG_3828.png,4,235,1,4206,197
IMG_4174.png,3,168,1,2392,123
IMG_4160.png,3,84,1,2078,104
IMG_3627.png,6,510,3,14420,423
IMG_4148.png,4,258,2,3669,230
IMG_3633.png,3,208,1,4207,137
IMG_4202.png,2,102,2,2256,136
IMG_4216.png,0,0,0,0,1
IMG_3960.png,5,1888,2,16271,681
IMG_3948.png,4,401,2,5173,146
IMG_3790.png,9,576,5,7352,266
IMG_4014.png,12,823,2,12700,451
IMG_4028.png,11,324,1,4293,246
IMG_3989.png,14,579,1,6898,349
IMG_4002.png,13,787,2,10633,454
IMG_4016.png,12,453,3,7801,282
IMG_3792.png,9,466,2,4653,242
IMG_3976.png,13,1038,1,19178,748
IMG_3962.png,4,2900,1,14769,495
IMG_4200.png,2,104,2,2850,131
IMG_4214.png,0,0,0,0,1
IMG_3625.png,6,415,2,10004,301
IMG_3631.png,6,316,2,7419,200
IMG_4176.png,3,124,1,3373,78
IMG_3619.png,9,417,1,8854,313
IMG_4162.png,3,216,1,7831,320
IMG_4189.png,2,183,3,5858,206
IMG_3802.png,9,445,2,6759,291
IMG_3816.png,5,715,2,5526,188
IMG_3817.png,5,702,1,5455,229
IMG_3803.png,9,374,3,5063,205
IMG_4188.png,2,32,1,1319,46
IMG_4163.png,3,188,2,5200,237
IMG_3618.png,9,443,1,8764,308
IMG_4177.png,3,123,1,1571,103
IMG_3630.png,6,604,4,16007,522
IMG_3624.png,6,301,2,7055,171
IMG_4215.png,0,0,0,0,0
IMG_4201.png,2,68,2,2346,88
IMG_3963.png,3,2204,1,10703,389
IMG_3977.png,13,1019,1,26608,837
IMG_3793.png,9,453,2,6048,258
IMG_4017.png,12,646,3,7214,327
IMG_4003.png,13,935,3,16627,542
IMG_3988.png,13,596,2,7772,357
IMG_3991.png,14,938,2,16204,610
IMG_4026.png,11,420,1,6266,259
IMG_3985.png,12,489,1,8683,348
IMG_4032.png,11,506,1,8725,320
IMG_3952.png,3,849,1,2318,107
IMG_3946.png,5,425,4,4927,179
IMG_4224.png,3,339,2,7079,286
IMG_4218.png,0,41,1,825,29
IMG_4152.png,4,204,1,4341,188
IMG_3629.png,6,660,3,16971,493
IMG_4146.png,4,162,1,2071,181
IMG_3615.png,9,365,1,5826,230
IMG_3826.png,2,577,1,1563,76
IMG_4191.png,2,63,1,839,54
IMG_3832.png,4,2936,1,2496,138
IMG_4185.png,2,299,7,10481,310
IMG_4184.png,2,182,2,3610,126
IMG_3833.png,4,2890,2,4434,217
IMG_4190.png,2,191,2,6952,263
IMG_3827.png,3,379,1,5496,270
IMG_3614.png,9,429,3,6910,262
IMG_4147.png,4,363,1,11964,394
IMG_3628.png,6,535,3,15201,428
IMG_4153.png,4,192,2,4312,152
IMG_4219.png,0,34,0,0,26
IMG_4225.png,3,278,1,5452,250
IMG_3947.png,4,628,3,4294,158
IMG_3953.png,3,1817,2,7008,287
IMG_4033.png,11,410,1,5941,254
IMG_3984.png,14,676,3,9681,410
IMG_4027.png,11,397,1,6434,248
IMG_3990.png,14,928,1,17647,501
IMG_3986.png,13,603,2,7205,323
IMG_4031.png,11,455,1,5907,270
IMG_3992.png,14,906,2,12516,549
IMG_4025.png,11,558,3,8211,359
IMG_4019.png,12,594,4,7774,311
IMG_3945.png,5,504,3,6972,199
IMG_3789.png,9,624,1,12209,335
IMG_3951.png,4,453,1,4109,128
IMG_3979.png,14,759,1,11068,449
IMG_4145.png,4,162,1,2745,108
IMG_4151.png,4,652,2,19735,810
IMG_3616.png,9,391,1,6304,231
IMG_4179.png,3,265,3,6136,260
IMG_3831.png,4,1400,2,3344,169
IMG_4186.png,2,98,2,2017,69
IMG_3825.png,1,1127,1,2044,82
IMG_4192.png,2,386,2,18669,582
IMG_3819.png,5,389,2,6541,228
IMG_3818.png,5,414,1,7299,258
IMG_4193.png,2,111,2,3080,79
IMG_3824.png,1,1115,1,1657,126
IMG_4187.png,2,107,2,3288,110
IMG_3830.png,4,2418,3,6395,304
IMG_4178.png,3,160,1,2211,118
IMG_3617.png,8,434,1,8881,294
IMG_4150.png,4,337,3,8293,376
IMG_4144.png,4,528,4,12253,448
IMG_4226.png,3,341,2,4963,153
IMG_3978.png,13,945,2,20787,667
IMG_3950.png,4,990,1,4644,145
IMG_3788.png,9,767,1,12742,391
IMG_3944.png,5,377,2,6820,199
IMG_4018.png,12,630,4,7849,331
IMG_4024.png,11,561,3,8380,311
IMG_3993.png,13,880,1,11889,542
IMG_4030.png,11,498,2,7457,325
IMG_3987.png,13,692,2,10366,435
IMG_4008.png,12,769,3,13439,481
IMG_4034.png,11,420,1,5306,286
IMG_3997.png,13,817,3,14138,572
IMG_4020.png,11,497,2,7313,297
IMG_3968.png,2,1670,1,1470,172
IMG_3798.png,9,456,2,8342,268
IMG_3940.png,6,502,1,7988,235
IMG_3954.png,3,3103,1,10237,331
IMG_4222.png,3,272,2,4407,149
IMG_3613.png,9,497,1,8240,312
IMG_4168.png,3,101,1,2737,115
IMG_4140.png,4,303,1,6498,310
IMG_4154.png,4,404,3,12263,500
IMG_3808.png,5,251,1,4151,176
IMG_3834.png,5,2289,1,4114,216
IMG_4183.png,2,33,1,885,43
IMG_3820.png,0,80,0,0,16
IMG_4197.png,2,41,1,1266,37
IMG_4196.png,2,112,1,5141,205
IMG_3821.png,0,328,0,0,17
IMG_4182.png,2,158,1,3510,187
IMG_3809.png,5,283,2,3869,195
IMG_4155.png,3,116,1,2164,126
IMG_4141.png,4,279,2,4404,202
IMG_4169.png,3,303,2,6800,409
IMG_3612.png,9,532,2,13906,392
IMG_4223.png,3,295,2,6435,271
IMG_3955.png,3,2678,2,11129,365
IMG_3941.png,6,1527,3,13888,434
IMG_3799.png,9,478,3,7726,302
IMG_3969.png,10,1325,1,17343,683
IMG_4021.png,10,531,3,8872,389
IMG_3996.png,13,968,3,15841,679
IMG_4035.png,11,428,1,5492,311
IMG_3982.png,14,670,2,7564,345
IMG_4009.png,12,802,3,13571,445
IMG_3994.png,13,950,2,17495,601
IMG_4023.png,11,540,3,9129,350
IMG_3980.png,14,653,3,9390,431
IMG_4037.png,11,455,2,6377,333
IMG_3957.png,4,3080,2,12234,444
IMG_3943.png,5,734,2,5443,230
IMG_4209.png,0,0,0,0,1
IMG_4221.png,3,292,2,3064,107
IMG_3610.png,9,488,1,11233,341
IMG_4157.png,3,388,2,14422,483
IMG_3638.png,3,136,1,4273,131
IMG_4143.png,4,361,1,8132,202
IMG_3823.png,0,1,0,0,13
IMG_4194.png,2,187,1,8845,238
IMG_3837.png,6,563,1,4275,187
IMG_4180.png,2,145,2,3702,162
IMG_4181.png,2,48,1,1012,56
IMG_3836.png,6,520,2,6264,214
IMG_4195.png,2,165,1,6130,175
IMG_3822.png,0,313,0,0,19
IMG_4142.png,4,115,1,2619,89
IMG_3639.png,3,229,2,7702,278
IMG_4156.png,3,378,2,15849,549
IMG_3611.png,9,539,1,12237,364
IMG_4220.png,0,77,1,1405,70
IMG_4208.png,1,42,1,876,39
IMG_3942.png,10,557,2,8660,310
IMG_3956.png,4,2817,3,12825,461
IMG_4036.png,11,450,1,4907,238
IMG_3981.png,14,683,3,8077,430
IMG_4022.png,11,512,3,8112,401
IMG_3995.png,13,927,2,17848,611
IMG_4045.png,10,515,1,8270,288
IMG_4051.png,10,911,3,17514,572
IMG_4079.png,8,747,2,10375,500
IMG_3716.png,9,633,3,10261,303
IMG_3702.png,5,305,3,4468,152
IMG_4086.png,7,557,2,10639,447
IMG_3931.png,10,633,3,9574,328
IMG_4092.png,7,538,1,12645,461
IMG_3925.png,10,778,3,10711,348
IMG_3919.png,11,1034,4,12766,463
IMG_4131.png,5,549,3,15860,650
IMG_3886.png,5,435,3,5798,253
IMG_4125.png,5,528,3,17344,620
IMG_3892.png,4,1431,2,3765,215
IMG_3676.png,6,392,1,8608,234
IMG_4119.png,6,294,2,4624,161
IMG_3845.png,11,476,2,8007,347
IMG_3851.png,10,559,3,10271,430
IMG_3689.png,5,324,2,7715,259
IMG_3879.png,6,1291,1,4473,188
IMG_3878.png,8,459,1,5350,219
IMG_3688.png,6,422,2,7638,290
IMG_3850.png,10,602,1,12420,428
IMG_3844.png,11,656,5,10175,382
IMG_4118.png,6,599,3,13344,460
IMG_3677.png,8,404,1,5893,233
IMG_3663.png,2,133,1,2686,140
IMG_3893.png,4,216,2,2622,153
IMG_4124.png,5,363,3,9674,357
IMG_3887.png,5,410,2,5209,246
IMG_4130.png,5,469,1,12428,444
IMG_3918.png,11,891,1,10327,409
IMG_3924.png,11,850,3,10877,351
IMG_4093.png,7,480,3,9485,358
IMG_3930.png,10,924,5,9308,324
IMG_4087.png,7,621,3,15680,500
IMG_3703.png,9,567,1,9732,345
IMG_3717.png,9,597,3,9543,306
IMG_4078.png,8,388,2,5017,258
IMG_4050.png,10,1134,4,19270,861
IMG_4044.png,10,569,3,10428,450
IMG_4052.png,10,563,2,10639,309
IMG_4046.png,10,488,1,11237,406
IMG_3701.png,5,280,2,4887,166
IMG_3715.png,10,611,3,9237,301
IMG_4091.png,7,660,2,15948,613
IMG_3926.png,10,701,1,6378,273
IMG_4085.png,7,415,1,8260,369
IMG_3932.png,10,953,4,9214,372
IMG_3649.png,6,373,1,8441,214
IMG_4126.png,5,410,2,7569,325
IMG_3891.png,4,461,1,6368,252
IMG_4132.png,5,456,1,11375,419
IMG_3885.png,5,470,4,7163,259
IMG_3675.png,6,461,2,8837,285
IMG_3661.png,2,71,1,1808,88
IMG_3852.png,10,724,5,8670,386
IMG_3846.png,10,399,2,7892,321
IMG_3847.png,11,675,1,11815,437
IMG_3853.png,10,543,1,6929,335
IMG_3660.png,2,95,2,2930,94
IMG_3674.png,6,564,2,13462,435
IMG_3884.png,5,457,1,4832,205
IMG_4133.png,5,714,3,17740,703
IMG_4127.png,5,179,1,3820,124
IMG_3648.png,3,144,1,5096,146
IMG_3933.png,10,554,3,7812,292
IMG_4084.png,8,498,1,10428,373
IMG_3927.png,10,784,3,7830,296
IMG_4090.png,7,328,2,6435,251
IMG_3714.png,10,654,3,10152,310
IMG_3700.png,2,105,1,2280,87
IMG_3728.png,5,215,2,4858,121
IMG_4047.png,10,355,1,8390,343
IMG_4053.png,10,684,4,12478,366
IMG_3704.png,9,646,1,10483,446
IMG_3710.png,6,384,3,6978,229
IMG_4057.png,9,430,2,5594,275
IMG_4043.png,10,582,3,10251,473
IMG_4094.png,7,927,3,26351,875
IMG_3923.png,11,681,2,10150,372
IMG_4080.png,8,686,1,10920,442
IMG_3670.png,6,379,1,8501,232
IMG_3664.png,4,226,2,3628,187
IMG_4123.png,5,378,2,8638,278
IMG_3894.png,4,232,2,2283,153
IMG_4137.png,4,394,2,9583,277
IMG_3658.png,2,81,1,3126,83
IMG_3880.png,6,2256,1,7644,266
IMG_3857.png,9,602,6,8735,326
IMG_3843.png,11,709,2,12694,436
IMG_3842.png,11,728,2,15504,500
IMG_3856.png,9,487,4,7040,352
IMG_3881.png,6,1037,2,5696,234
IMG_3659.png,2,117,1,4107,128
IMG_4136.png,5,223,2,4079,158
IMG_3895.png,4,982,2,6068,241
IMG_4122.png,5,319,2,6776,263
IMG_3665.png,4,218,1,4940,156
IMG_3671.png,6,435,2,8694,303
IMG_3936.png,6,347,1,4584,172
IMG_4081.png,8,604,2,12320,441
IMG_3922.png,11,683,2,11264,390
IMG_4042.png,10,738,2,12810,461
IMG_4056.png,9,629,1,8724,435
IMG_3711.png,4,204,2,5012,150
IMG_3705.png,9,670,1,11813,425
IMG_3713.png,4,230,2,3329,144
IMG_3707.png,10,562,4,7561,283
IMG_4068.png,9,421,1,6635,286
IMG_4040.png,10,393,1,6042,300
IMG_4054.png,9,949,4,20631,620
IMG_3908.png,2,3615,1,1986,186
IMG_4083.png,8,317,1,4925,250
IMG_3934.png,10,625,2,8385,282
IMG_4097.png,7,669,2,18010,603
IMG_3920.png,11,826,2,12151,440
IMG_4108.png,6,706,1,14402,658
IMG_3667.png,4,294,2,7024,223
IMG_3673.png,6,572,4,12813,393
IMG_4134.png,5,708,8,15680,795
IMG_3883.png,5,418,1,5025,201
IMG_4120.png,5,400,2,7591,393
IMG_3897.png,3,1011,1,4012,167
IMG_3868.png,9,435,1,5566,258
IMG_3840.png,9,452,1,5105,247
IMG_3698.png,8,603,4,10734,352
IMG_3854.png,10,449,1,8355,332
IMG_3855.png,10,692,5,9012,412
IMG_3699.png,8,573,2,10369,321
IMG_3841.png,11,808,3,16383,508
IMG_3869.png,9,365,1,5807,247
IMG_3896.png,4,371,4,4669,178
IMG_4121.png,5,463,4,7429,383
IMG_3882.png,5,398,2,4618,227
IMG_4135.png,5,750,3,24281,975
IMG_3672.png,6,569,2,13297,440
IMG_3666.png,4,243,2,5696,132
IMG_4109.png,6,665,2,10161,488
IMG_3921.png,11,875,3,13504,435
IMG_4096.png,7,466,1,10030,366
IMG_3935.png,6,430,2,5012,186
IMG_4082.png,8,367,2,6860,352
IMG_3909.png,2,1754,1,2794,157
IMG_4055.png,10,692,3,10384,441
IMG_4041.png,10,816,3,13726,603
IMG_4069.png,9,746,4,14312,469
IMG_3706.png,9,757,1,12557,475
IMG_3712.png,3,160,2,2945,103
IMG_4474.png,7,388,1,1563,226
IMG_4460.png,7,560,6,11626,372
IMG_4448.png,7,390,4,4660,259
IMG_4449.png,7,408,4,5100,256
IMG_4461.png,7,465,5,10541,358
IMG_4475.png,7,360,3,3433,217
IMG_4463.png,7,356,3,3492,179
IMG_4477.png,7,412,3,3110,213
IMG_4488.png,7,485,3,6454,276
IMG_4489.png,7,486,4,7819,291
IMG_4476.png,7,365,5,5163,198
IMG_4462.png,7,256,2,2266,153
IMG_4466.png,7,374,3,3523,185
IMG_4472.png,7,398,3,6137,218
IMG_4473.png,7,370,4,4485,211
IMG_4467.png,7,379,2,3062,188
IMG_4459.png,7,442,4,7040,270
IMG_4471.png,7,395,2,6673,223
IMG_4464.png,7,395,5,5596,219
IMG_4470.png,7,426,2,7516,288
IMG_4458.png,7,495,4,7973,267
IMG_4417.png,8,403,3,3575,184
IMG_4403.png,8,540,7,10662,310
IMG_4402.png,8,543,6,7929,310
IMG_4416.png,8,401,4,4847,210
IMG_4400.png,8,505,5,6468,284
IMG_4414.png,8,355,3,2805,220
IMG_4428.png,8,461,3,5009,239
IMG_4399.png,8,503,4,6995,300
IMG_4398.png,8,495,3,8712,297
IMG_4429.png,8,457,3,5041,240
IMG_4415.png,8,385,2,2114,223
IMG_4401.png,8,513,6,9257,309
IMG_4439.png,7,384,2,4814,190
IMG_4405.png,8,578,8,10883,344
IMG_4411.png,8,283,1,912,168
IMG_4410.png,8,274,2,1898,166
IMG_4404.png,8,555,7,9799,339
IMG_4438.png,7,426,2,3491,207
IMG_4412.png,8,263,2,2201,160
IMG_4406.png,8,558,8,11137,353
IMG_4407.png,8,527,8,10957,314
IMG_4413.png,8,272,1,915,149
IMG_4436.png,7,447,5,7276,268
IMG_4422.png,8,483,4,7993,257
IMG_4423.png,8,463,3,4858,213
IMG_4437.png,7,468,6,8485,272
IMG_4421.png,8,569,5,6832,252
IMG_4435.png,7,446,4,7131,273
IMG_4409.png,8,317,1,977,164
IMG_4408.png,8,531,5,7350,283
IMG_4434.png,7,428,4,7960,275
IMG_4420.png,8,412,3,5657,207
IMG_4418.png,8,340,3,4400,190
IMG_4424.png,8,470,4,5430,229
IMG_4430.png,7,390,4,5468,252
IMG_4395.png,8,447,5,6782,246
IMG_4431.png,7,423,5,8803,304
IMG_4425.png,8,559,7,10885,348
IMG_4419.png,8,375,3,4230,197
IMG_4433.png,7,421,4,7686,304
IMG_4427.png,8,481,3,4345,242
IMG_4396.png,8,515,5,9555,316
IMG_4397.png,8,563,4,9762,370
IMG_4426.png,8,511,6,8976,291
IMG_4432.png,7,413,5,7959,297
IMG_4455.png,7,477,3,8475,311
IMG_4441.png,7,389,5,5703,260
IMG_4469.png,7,444,3,5969,255
IMG_4482.png,7,563,4,12010,361
IMG_4483.png,7,512,4,12257,406
IMG_4468.png,7,365,5,5099,202
IMG_4440.png,7,412,4,4012,213
IMG_4454.png,7,432,5,7216,283
IMG_4442.png,7,366,3,3548,237
IMG_4456.png,7,477,4,11091,372
IMG_4481.png,7,603,3,13657,355
IMG_4480.png,7,534,1,8980,377
IMG_4457.png,7,569,4,12761,417
IMG_4443.png,7,376,4,5166,252
IMG_4447.png,7,365,5,6355,252
IMG_4453.png,7,456,4,8066,268
IMG_4484.png,7,488,4,8126,315
IMG_4490.png,7,511,3,7042,299
IMG_4491.png,7,436,4,6977,258
IMG_4485.png,7,443,2,7826,303
IMG_4452.png,7,435,4,6206,276
IMG_4478.png,7,384,3,4069,246
IMG_4450.png,7,418,4,4658,246
IMG_4444.png,7,392,5,6076,285
IMG_4493.png,7,400,4,5798,236
IMG_4487.png,7,414,3,7163,281
IMG_4486.png,7,485,4,8722,281
IMG_4492.png,7,382,4,6593,215
IMG_4445.png,7,402,5,6227,275
IMG_4451.png,7,514,3,11387,431
IMG_4479.png,7,422,1,7182,247
IMG_4501.png,6,437,4,6516,287
IMG_4502.png,6,492,5,8062,293
IMG_4503.png,6,429,4,7541,279
IMG_4504.png,6,407,4,6711,291
IMG_4505.png,6,365,5,7844,290
IMG_4506.png,6,337,3,6211,287
IMG_4507.png,6,347,3,5786,286
IMG_4508.png,6,353,3,7074,296
IMG_4509.png,6,406,4,7235,311
IMG_4510.png,6,417,4,6513,298
IMG_4511.png,6,412,4,8571,287
IMG_4512.png,6,409,4,7687,295
IMG_4513.png,6,383,5,7574,315
IMG_4514.png,6,377,3,5301,306
IMG_4515.png,6,505,6,11681,381
IMG_4516.png,6,517,6,12658,371
IMG_4517.png,6,438,4,9444,335
IMG_4518.png,6,412,5,9747,399
IMG_4519.png,6,652,4,20405,598
IMG_4520.png,6,674,5,17882,550
IMG_4521.png,6,604,5,17292,542
IMG_4522.png,6,623,6,18507,546
IMG_4523.png,6,517,4,13580,469
IMG_4524.png,6,569,2,17647,501
IMG_4525.png,6,560,5,16093,496
IMG_4526.png,6,545,6,16240,490
IMG_4527.png,6,567,3,12153,413
IMG_4528.png,6,535,4,11827,380
IMG_4529.png,6,437,2,11087,363
IMG_4530.png,6,478,5,11573,309
IMG_4531.png,6,469,4,9834,327
IMG_4532.png,6,391,4,5278,235
IMG_4533.png,6,347,2,3024,236
IMG_4534.png,6,330,5,6159,206
IMG_4535.png,6,363,2,6047,219
IMG_4536.png,6,342,2,4291,221
IMG_4537.png,6,487,4,10211,353
IMG_4538.png,6,464,2,6221,297
IMG_4539.png,6,633,5,13045,522
IMG_4540.png,6,597,3,15418,434
IMG_4541.png,6,557,4,12545,404
IMG_4542.png,6,496,5,8392,287
IMG_4543.png,6,568,2,13901,526
IMG_4544.png,6,361,4,7152,256
IMG_4545.png,6,289,3,3009,180
IMG_4546.png,6,269,2,2311,187
IMG_4547.png,6,300,4,3737,206
IMG_4548.png,6,307,2,2058,236
IMG_4549.png,6,317,5,4680,202
IMG_4550.png,6,292,3,3894,220
IMG_4551.png,6,310,3,3354,199
IMG_4552.png,6,466,5,11325,321
IMG_4554.png,6,500,5,10401,366
IMG_4555.png,6,375,4,8129,305
IMG_4556.png,6,452,6,8901,271
IMG_4557.png,6,415,5,7714,277
IMG_4558.png,6,448,4,7636,281
IMG_4559.png,6,437,4,8163,292
IMG_4560.png,6,448,4,8285,308
IMG_4562.png,6,446,5,9975,323
IMG_4563.png,6,473,4,10770,344
IMG_4564.png,6,525,3,10470,349
IMG_4565.png,6,438,1,11726,371
IMG_4566.png,6,382,1,10584,307
IMG_4567.png,6,455,3,11125,309
IMG_4568.png,6,415,3,7465,314
IMG_4569.png,6,438,5,10791,321
IMG_4570.png,6,485,4,9055,322
IMG_4571.png,7,456,4,9801,325
IMG_4572.png,6,531,4,11045,403
IMG_4573.png,6,499,5,12403,359
IMG_4574.png,6,488,4,12995,386
IMG_4575.png,6,453,3,6605,285
IMG_4576.png,6,525,4,10103,365
IMG_4577.png,6,416,3,7368,272
IMG_4578.png,6,428,4,8288,262
IMG_4579.png,6,479,3,9651,333
IMG_4580.png,6,413,3,8772,348
IMG_4581.png,6,381,4,7196,230
IMG_4582.png,6,361,3,5619,249
IMG_4583.png,6,411,4,9096,264
IMG_4584.png,6,414,2,9240,306
IMG_4585.png,6,431,3,9097,332
IMG_4586.png,6,329,2,5185,209
IMG_4587.png,6,401,4,7757,214
IMG_4588.png,6,367,3,7248,264
IMG_4589.png,6,397,5,8256,266
IMG_4590.png,6,357,2,7963,254
IMG_4591.png,6,338,2,5223,246
IMG_4592.png,6,351,4,6837,237
IMG_4593.png,6,371,4,5048,267
IMG_4594.png,6,363,5,6368,276
IMG_4595.png,6,354,5,5236,239
IMG_4596.png,6,364,4,5689,268
IMG_4597.png,6,383,4,4886,224
IMG_4598.png,6,476,5,8703,308
IMG_4599.png,6,315,5,6669,208
IMG_4600.png,6,353,5,7156,223
IMG_4601.png,6,303,3,3024,175
IMG_4602.png,6,334,3,5960,207
IMG_4603.png,6,342,3,6145,252
IMG_4604.png,6,431,6,10881,328
IMG_4605.png,6,397,2,8165,340
IMG_4606.png,6,395,5,10679,388
IMG_4607.png,6,411,4,11041,406
IMG_4608.png,6,395,4,10123,366
IMG_4609.png,6,441,4,10579,321
IMG_4610.png,6,404,2,8044,305
IMG_4611.png,6,471,5,12549,387
IMG_4612.png,6,451,6,12231,456
IMG_4613.png,6,548,4,12926,421
IMG_4614.png,6,492,6,12271,412
IMG_4615.png,6,512,4,12220,354
IMG_4616.png,6,504,5,10110,315
IMG_4617.png,6,550,5,9633,358
IMG_4618.png,6,458,2,8837,341
IMG_4619.png,6,465,4,10738,413
IMG_4620.png,6,537,4,12723,375
IMG_4621.png,6,473,4,11326,368
IMG_4622.png,6,461,1,11404,319
IMG_4623.png,6,545,1,12907,442
IMG_4624.png,6,446,2,9893,366
IMG_4625.png,6,464,1,9184,343
IMG_4626.png,6,304,3,6900,226
IMG_4627.png,6,335,2,6131,210
IMG_4628.png,5,478,5,11941,423
IMG_4629.png,5,457,4,13302,407
IMG_4630.png,5,425,4,11683,353
IMG_4631.png,5,465,3,10956,407
IMG_4632.png,5,428,4,10362,326
IMG_4633.png,5,449,3,11879,362
IMG_4634.png,5,500,4,11422,349
IMG_4635.png,5,382,5,9977,334
IMG_4636.png,5,385,3,8218,327
IMG_4637.png,5,351,5,11078,363
IMG_4638.png,5,423,5,12618,408
IMG_4639.png,5,406,4,9151,324
IMG_4640.png,5,374,4,8536,335
IMG_4641.png,5,369,5,11688,347
IMG_4642.png,5,420,5,10840,327
IMG_4643.png,5,428,5,9594,303
IMG_4644.png,5,389,5,11018,310
IMG_4645.png,5,439,5,11696,353
IMG_4646.png,5,435,5,12062,340
IMG_4647.png,5,415,5,11182,358
IMG_4648.png,5,482,5,11790,376
IMG_4649.png,5,378,2,7883,270
IMG_4650.png,5,390,3,9055,305
IMG_4651.png,5,344,3,8395,291
IMG_4652.png,5,326,4,8428,308
IMG_4653.png,5,358,4,8259,290
IMG_4654.png,5,323,4,6762,208
IMG_4655.png,5,372,3,7973,284
IMG_4657.png,5,367,4,8953,309
IMG_4658.png,5,328,4,5548,245
IMG_4659.png,5,392,3,9505,367
IMG_4660.png,5,398,4,8958,336
IMG_4661.png,5,409,4,8987,367
IMG_4662.png,5,383,3,8609,340
IMG_4663.png,5,296,4,5733,222
IMG_4664.png,5,364,3,6682,242
IMG_4665.png,5,363,4,7611,263
IMG_4666.png,5,295,3,5173,238
IMG_4667.png,5,407,4,11250,360
IMG_4668.png,5,419,4,11316,371
IMG_4669.png,5,367,3,7712,311
IMG_4670.png,5,381,4,10328,343
IMG_4671.png,5,342,4,9758,314
IMG_4672.png,5,395,3,7820,324
IMG_4673.png,5,346,3,6753,255
IMG_4674.png,5,387,1,9496,288
IMG_4675.png,5,422,4,8443,302
IMG_4676.png,5,358,2,5815,281
IMG_4677.png,5,347,4,8338,272
IMG_4678.png,5,370,5,9509,270
IMG_4680.png,5,387,5,10297,290
IMG_4681.png,5,205,4,3958,120
IMG_4682.png,5,423,4,9902,335
IMG_4683.png,5,398,3,8561,306
IMG_4684.png,5,405,3,8747,299
IMG_4685.png,5,330,3,8851,306
IMG_4686.png,5,332,4,8545,253
IMG_4687.png,5,342,4,8083,251
IMG_4688.png,5,261,4,5207,182
IMG_4689.png,5,366,2,7072,262
IMG_4690.png,5,402,2,8395,300
IMG_4691.png,5,416,2,8758,330
IMG_4692.png,5,354,1,8071,295
IMG_4693.png,5,293,5,6476,267
IMG_4694.png,5,352,3,6820,226
IMG_4695.png,5,490,4,9514,302
IMG_4696.png,5,354,4,8330,250
IMG_4697.png,5,338,4,7507,208
IMG_4698.png,5,370,4,8374,224
IMG_4699.png,5,380,4,8603,254
IMG_4700.png,5,402,4,8557,231
IMG_4701.png,5,349,3,8023,217
IMG_4703.png,5,341,3,7740,259
IMG_4704.png,5,476,5,12683,386
IMG_4705.png,5,474,4,12107,454
IMG_4706.png,5,479,3,12363,485
IMG_4707.png,5,436,4,11807,363
IMG_4708.png,5,417,4,12994,354
IMG_4709.png,5,468,1,15452,458
IMG_4710.png,5,477,4,11967,379
IMG_4711.png,5,436,4,12718,397
IMG_4712.png,5,489,3,12610,393
IMG_4713.png,5,408,4,10107,318
IMG_4714.png,5,496,5,12245,417
IMG_4715.png,5,381,4,9516,300
IMG_4716.png,5,449,4,11230,388
IMG_4717.png,5,396,3,9048,292
IMG_4718.png,5,344,2,6470,252
IMG_4719.png,5,365,1,6873,310
IMG_4720.png,5,304,3,5702,269
IMG_4721.png,5,358,4,7460,286
IMG_4722.png,5,387,3,7099,314
IMG_4723.png,5,349,3,6613,295
IMG_4724.png,5,327,3,6337,290
IMG_4725.png,5,335,4,7247,296
IMG_4726.png,5,286,4,7196,280
IMG_4727.png,5,312,3,5913,255
IMG_4728.png,5,320,3,5896,211
IMG_4729.png,5,316,3,7209,262
IMG_4730.png,5,229,3,4214,189
IMG_4731.png,5,216,3,3730,172
IMG_4732.png,5,268,4,4839,183
IMG_4733.png,5,268,4,4787,170
IMG_4734.png,5,239,3,4176,179
IMG_4735.png,5,237,5,5711,185
IMG_4736.png,5,227,5,5519,170
IMG_4737.png,5,272,5,5698,174
IMG_4738.png,5,246,5,6010,174
IMG_4742.png,5,265,5,6350,197
IMG_4745.png,5,246,4,5769,212
IMG_4746.png,5,291,2,5494,249
IMG_4747.png,5,396,3,10557,394
IMG_4748.png,5,433,3,12557,408
IMG_4749.png,5,384,4,11415,372
IMG_4750.png,5,340,4,10513,339
IMG_4751.png,5,329,4,8264,294
IMG_4752.png,5,290,3,8190,266
IMG_4753.png,5,296,4,6399,215
IMG_4755.png,5,227,3,4968,167
IMG_4756.png,5,193,2,3707,161
IMG_4757.png,5,253,3,5521,215
IMG_4758.png,5,307,3,5376,235
IMG_4759.png,5,267,3,4509,227
IMG_4760.png,5,257,3,5410,196
IMG_4761.png,5,295,3,5523,221
IMG_4762.png,5,262,3,4551,216
IMG_4763.png,5,316,4,5846,227
IMG_4764.png,5,296,2,5208,214
IMG_4765.png,5,269,3,5606,230
IMG_4766.png,5,300,3,6529,236
IMG_4767.png,5,315,3,8664,266
IMG_4768.png,5,307,3,6814,221
IMG_4769.png,5,284,4,6964,234
IMG_4770.png,5,303,4,6314,240
IMG_4771.png,5,334,4,7413,267
IMG_4772.png,5,311,4,6964,268
IMG_4773.png,5,206,2,3024,211
IMG_4774.png,5,244,3,5146,271
IMG_4775.png,5,309,3,6549,253
IMG_4776.png,5,312,2,8138,274
IMG_4777.png,5,291,2,7918,220
IMG_4778.png,5,281,3,7831,220
IMG_4779.png,5,258,3,6766,237
IMG_4780.png,4,302,3,6346,205
IMG_4781.png,4,240,2,6067,224
IMG_4782.png,4,234,3,5327,197
IMG_4783.png,4,284,3,6317,230
IMG_4784.png,4,269,3,5773,216
IMG_4785.png,4,265,3,6775,203
IMG_4786.png,4,257,3,6585,198
IMG_4787.png,4,235,2,5940,211
IMG_4788.png,4,262,2,5733,200
IMG_4789.png,4,245,2,5604,202
IMG_4790.png,4,256,2,5891,223
IMG_4791.png,4,253,3,7433,250
IMG_4792.png,4,347,4,11923,414
IMG_4793.png,4,387,2,8470,327
IMG_4794.png,4,295,2,6645,223
IMG_4795.png,4,180,2,3742,132
IMG_4796.png,4,346,3,9529,362
IMG_4797.png,4,223,2,5121,161
IMG_4798.png,4,228,3,5289,185
IMG_4799.png,4,245,4,6019,188
IMG_4800.png,4,253,4,5040,173
IMG_4801.png,4,211,4,5542,182
IMG_4803.png,4,233,4,5670,185
IMG_4804.png,4,277,2,2977,182
IMG_4805.png,4,273,3,5617,173
IMG_4806.png,4,243,4,6619,179
IMG_4807.png,4,239,3,4944,197
IMG_4808.png,4,244,4,6110,179
IMG_4809.png,4,299,4,8067,247
IMG_4810.png,4,304,4,7629,235
IMG_4811.png,4,260,4,7107,210
IMG_4814.png,4,278,4,8122,263
IMG_4815.png,4,244,3,6814,206
IMG_4816.png,4,226,3,6372,201
IMG_4817.png,4,248,4,7284,215
IMG_4819.png,4,241,3,4650,202
IMG_4820.png,4,272,4,6379,192
IMG_4821.png,4,258,3,6481,192
IMG_4822.png,4,312,3,7339,212
IMG_4823.png,4,304,3,7771,210
IMG_4824.png,4,278,4,8798,224
IMG_4825.png,4,287,4,8623,211
IMG_4826.png,4,213,4,5399,157
IMG_4827.png,4,246,3,7588,229
IMG_4828.png,4,329,4,11165,349
IMG_4829.png,4,274,3,9291,387
IMG_4831.png,4,358,3,8129,252
IMG_4832.png,4,205,3,5185,163
IMG_4833.png,4,265,3,6535,202
IMG_4834.png,4,270,3,8077,270
IMG_4835.png,4,276,3,6672,240
IMG_4836.png,4,261,3,6167,215
IMG_4838.png,4,306,4,9244,306
IMG_4839.png,4,296,4,8872,280
IMG_4840.png,4,306,4,8221,287
IMG_4841.png,4,306,3,7985,300
IMG_4842.png,4,299,3,8833,282
IMG_4843.png,4,315,2,7378,265
IMG_4844.png,4,268,2,5383,216
IMG_4845.png,4,284,3,6814,261
IMG_4846.png,4,230,2,6108,222
IMG_4847.png,4,237,2,4986,215
IMG_4848.png,4,192,2,4384,175
IMG_4849.png,4,302,3,9099,297
IMG_4850.png,4,264,3,5809,198
IMG_4851.png,4,237,3,5532,184
IMG_4852.png,4,244,3,6318,232
IMG_4853.png,4,181,2,3525,152
IMG_4854.png,4,187,2,3122,147
IMG_4855.png,4,182,3,4288,171
IMG_4856.png,4,204,2,3284,161
IMG_4857.png,4,179,2,2507,132
IMG_4858.png,4,202,2,2532,136
IMG_4859.png,4,324,1,6769,301
IMG_4860.png,4,308,2,7548,266
IMG_4861.png,4,212,2,4607,151
IMG_4862.png,4,242,4,6869,170
IMG_4863.png,4,225,2,4467,151
IMG_4864.png,4,291,3,8456,230
IMG_4865.png,4,289,4,9563,279
IMG_4866.png,4,328,3,10168,368
IMG_4867.png,4,339,3,13335,419
IMG_4868.png,4,466,3,13596,520
IMG_4869.png,4,467,2,15529,498
IMG_4870.png,4,338,1,10200,305
IMG_4871.png,4,315,4,9506,299
IMG_4872.png,4,283,4,11458,360
IMG_4873.png,4,324,3,10881,332
IMG_4874.png,4,308,4,10127,283
IMG_4875.png,4,233,3,7369,236
IMG_4876.png,4,278,4,8981,244
IMG_4877.png,4,302,3,8336,319
IMG_4878.png,4,226,2,6150,190
IMG_4879.png,4,211,2,5092,190
IMG_4880.png,4,215,3,5605,171
IMG_4881.png,4,227,2,3788,187
IMG_4882.png,4,206,3,5367,180
IMG_4883.png,4,199,4,5928,201
IMG_4884.png,4,191,2,3151,148
IMG_4885.png,4,250,4,6793,264
IMG_4886.png,4,251,2,5454,232
IMG_4887.png,4,198,3,4237,173
IMG_4888.png,4,234,3,5692,191
IMG_4889.png,4,339,4,13695,469
IMG_4890.png,4,326,3,8420,271
IMG_4891.png,4,327,3,9143,295
IMG_4892.png,4,361,4,12902,349
IMG_4893.png,4,269,2,5368,264
IMG_4894.png,4,269,3,7978,290
IMG_4895.png,4,232,1,2521,181
IMG_4896.png,4,251,3,5146,211
IMG_4897.png,4,268,3,7337,171
IMG_4898.png,4,279,4,9031,311
IMG_4899.png,4,273,4,8933,278
IMG_4900.png,4,295,3,7279,238
IMG_4901.png,4,261,4,6594,209
IMG_4902.png,4,276,4,7705,211
IMG_4903.png,4,304,4,6984,186
IMG_4904.png,4,239,3,3499,186
IMG_4905.png,4,315,3,8133,218
IMG_4906.png,4,321,3,7263,251
IMG_4907.png,4,284,3,10239,259
IMG_4908.png,4,275,3,7916,272
IMG_4909.png,4,266,2,8723,212
IMG_4910.png,4,460,3,15600,450
IMG_4911.png,4,403,4,12997,440
IMG_4912.png,4,402,3,14777,433
IMG_4913.png,4,389,4,15228,455
IMG_4914.png,4,401,3,12732,408
IMG_4915.png,4,332,4,12410,337
IMG_4917.png,4,356,4,12858,418
IMG_4918.png,4,348,4,9932,264
IMG_4919.png,4,278,3,8736,289
IMG_4920.png,3,147,2,2876,144
IMG_4921.png,3,263,3,11089,381
IMG_4922.png,3,186,3,5922,237
IMG_4923.png,3,199,3,6762,216
IMG_4924.png,3,145,2,4062,188
IMG_4925.png,3,156,2,4086,190
IMG_4926.png,3,152,2,3927,178
IMG_4927.png,3,171,3,5367,214
IMG_4928.png,3,131,1,1928,145
IMG_4929.png,3,144,2,2276,130
IMG_4930.png,3,206,2,6648,253
IMG_4931.png,3,198,3,7261,219
IMG_4932.png,3,201,3,7015,217
IMG_4933.png,3,177,3,6727,206
IMG_4934.png,3,181,3,6562,231
IMG_4935.png,3,183,3,6307,237
IMG_4936.png,3,197,3,7041,234
IMG_4938.png,3,234,3,7573,249
IMG_4939.png,3,209,1,6361,208
IMG_4941.png,3,197,2,6588,215
IMG_4942.png,3,156,2,6591,203
IMG_4943.png,3,171,3,5182,168
IMG_4944.png,3,136,3,5745,156
IMG_4945.png,3,192,3,7082,228
IMG_4946.png,3,171,2,4467,186
IMG_4947.png,2,200,2,9300,311
IMG_4948.png,2,136,2,4928,190
IMG_4949.png,2,116,2,2971,125
IMG_4950.png,2,105,2,4134,143
IMG_4951.png,2,224,2,9912,412
IMG_4952.png,2,304,2,12932,410
IMG_4953.png,2,197,2,9140,344
IMG_4954.png,2,77,1,1682,87
IMG_4955.png,2,56,1,1206,58
IMG_4956.png,2,179,2,8887,336
IMG_4957.png,2,152,2,7541,271
IMG_4958.png,2,172,2,7225,264
IMG_4959.png,2,143,2,5662,178
IMG_4960.png,2,145,2,6332,187
IMG_4961.png,2,151,2,6271,184
IMG_4962.png,2,109,2,5506,184
IMG_4963.png,2,133,2,6297,221
IMG_4964.png,2,171,2,9602,347
IMG_4965.png,2,132,2,9512,307
IMG_4966.png,2,175,2,7607,308
IMG_4967.png,2,91,1,2396,105
IMG_4968.png,2,183,2,7701,301
IMG_4969.png,2,197,3,8464,327
IMG_4970.png,2,154,2,7446,286
IMG_4971.png,2,152,2,6491,294
IMG_4972.png,2,167,2,5030,206
IMG_4973.png,2,112,1,4323,173
IMG_4974.png,2,128,1,5555,216
IMG_4975.png,2,159,2,7910,235
IMG_4976.png,2,175,2,8512,262
IMG_4977.png,2,168,2,6967,222
IMG_4978.png,2,113,2,4153,129
IMG_4979.png,2,166,2,6657,240
IMG_4980.png,2,271,2,12269,465
IMG_4981.png,2,211,2,7784,302
IMG_4982.png,2,96,1,2099,85
IMG_4983.png,2,107,2,2299,82
IMG_4984.png,2,81,1,2031,82
IMG_4985.png,2,106,2,2088,71
IMG_4986.png,2,88,2,2289,86
IMG_4987.png,2,75,2,2194,76
IMG_4988.png,2,88,2,2126,72
IMG_4989.png,2,104,2,1922,86
IMG_4990.png,2,152,1,4509,154
IMG_4991.png,2,128,2,4576,123
IMG_4992.png,2,164,2,5735,115
IMG_4994.png,2,346,3,12317,369
IMG_4995.png,2,315,2,7195,344
IMG_4996.png,2,202,2,6929,222
IMG_4997.png,2,150,1,5006,190
IMG_4998.png,2,142,1,7994,216
IMG_4999.png,2,159,2,6411,238
IMG_5001.png,2,165,1,6144,228
IMG_5002.png,2,186,2,8507,252
IMG_5003.png,2,177,2,8205,216
IMG_5004.png,2,172,2,5841,230
IMG_5005.png,2,214,2,6731,231
IMG_5006.png,2,201,2,8002,227
IMG_5007.png,2,171,2,3445,209
IMG_5008.png,2,163,2,5947,212
IMG_5009.png,2,197,3,8413,256
IMG_5010.png,2,283,2,12094,393
IMG_5011.png,2,213,3,10266,334
IMG_5012.png,2,115,2,5455,170
IMG_5013.png,2,167,2,9856,314
IMG_5014.png,2,193,2,8795,341
IMG_5015.png,2,98,1,3023,86
IMG_5016.png,2,100,1,2541,118
IMG_5017.png,2,97,2,3781,115
IMG_5018.png,2,121,2,4895,155
IMG_5019.png,2,189,2,7457,203
IMG_5020.png,2,123,2,4782,159
IMG_5021.png,2,122,2,5176,158
IMG_5022.png,2,112,2,4970,143
IMG_5023.png,1,63,1,1482,85
IMG_5024.png,1,76,1,1286,86
IMG_5025.png,1,71,1,2094,78
IMG_5026.png,1,36,1,979,43
IMG_5028.png,1,80,2,1968,112
IMG_5029.png,1,140,1,5278,185
IMG_5030.png,1,116,2,4768,177
IMG_5031.png,1,206,4,9327,318
IMG_5032.png,1,245,4,9127,375
IMG_5033.png,1,210,2,8620,248
IMG_5034.png,1,208,1,9951,317
IMG_5035.png,1,236,2,9873,349
IMG_5036.png,1,62,1,3545,82
IMG_5037.png,1,83,1,4306,131
IMG_5038.png,1,107,2,5640,175
IMG_5039.png,1,76,1,5528,133
IMG_5040.png,1,59,1,1899,67
IMG_5041.png,1,71,3,2798,98
IMG_5042.png,1,63,1,2945,104
IMG_5043.png,1,87,1,4875,123
IMG_5044.png,1,67,1,3220,100
IMG_5045.png,1,51,2,2054,76
IMG_5046.png,1,118,3,4785,178
IMG_5047.png,1,122,3,5108,179
IMG_5048.png,1,171,3,4786,172
IMG_5049.png,1,163,3,5417,175
IMG_5050.png,1,75,1,2604,124
IMG_5051.png,1,90,1,3096,111
IMG_5052.png,1,68,1,1791,98
IMG_5053.png,1,55,1,1471,86
IMG_5055.png,1,76,1,2971,98
IMG_5056.png,1,119,1,8314,247
IMG_5057.png,1,181,1,7912,329
IMG_5058.png,1,152,2,7199,301
IMG_5059.png,1,434,1,9206,852
IMG_5060.png,1,452,1,10490,918
IMG_5061.png,1,169,1,7742,303
IMG_5062.png,1,297,1,9006,544
IMG_5063.png,1,195,1,8206,354
IMG_5064.png,1,89,1,6369,202
IMG_5065.png,1,78,1,4498,181
IMG_5066.png,1,85,1,5350,180
IMG_5067.png,1,79,1,5265,157
IMG_5068.png,1,111,1,7534,244
IMG_5069.png,1,98,1,6334,220
IMG_5070.png,1,75,1,5991,174
IMG_5071.png,1,130,1,9362,288
IMG_5072.png,1,140,3,8694,327
IMG_5073.png,1,171,1,6785,246
IMG_5074.png,1,72,3,2870,95
IMG_5075.png,1,172,4,4389,225
IMG_5076.png,1,94,1,3795,122
IMG_5077.png,1,75,3,3757,135
IMG_5078.png,1,83,2,2880,126
IMG_5079.png,1,67,3,3016,101
IMG_5080.png,1,78,1,3886,107
IMG_5081.png,1,33,1,1087,36
IMG_5082.png,1,190,3,5570,357
IMG_5083.png,1,105,1,5080,139
IMG_5084.png,1,195,1,1189,241
IMG_5085.png,1,67,2,2044,117
IMG_5086.png,1,76,1,2592,102
IMG_5087.png,1,72,2,2257,72
IMG_5088.png,1,142,1,6460,194
IMG_5089.png,1,60,1,2110,74
IMG_5090.png,1,78,2,3708,127
IMG_5091.png,1,82,3,3429,137
IMG_5092.png,1,127,3,5362,204
IMG_5093.png,1,88,2,4087,127
IMG_5094.png,1,82,3,2711,92
IMG_5095.png,1,105,3,4065,131
IMG_5096.png,1,190,1,5618,238
IMG_5097.png,1,260,2,5802,358
IMG_5098.png,1,192,1,5387,271
IMG_5099.png,1,270,3,5126,470
IMG_5100.png,1,136,1,5222,177
IMG_5101.png,1,58,1,965,71
IMG_5102.png,1,37,1,882,58
IMG_5103.png,1,23,0,0,37
IMG_5104.png,1,30,1,936,40
IMG_5105.png,1,33,1,995,39
IMG_5106.png,1,36,1,1420,47
IMG_5107.png,1,58,1,1850,52
IMG_5108.png,1,48,0,0,59
IMG_5109.png,1,25,1,993,38
IMG_5110.png,1,31,1,1056,37
IMG_5111.png,1,60,1,1655,79
IMG_5112.png,1,80,1,3926,118
IMG_5113.png,1,81,1,2932,110
IMG_5114.png,1,77,2,2834,106
IMG_5115.png,1,108,1,5390,159
IMG_5116.png,1,179,1,9232,349
IMG_5117.png,1,209,1,9961,429
IMG_5118.png,1,178,1,9349,392
IMG_5119.png,1,194,1,8657,379
IMG_5120.png,1,254,2,8920,543
IMG_5121.png,0,0,0,0,0
IMG_5122.png,0,0,0,0,0
IMG_5123.png,0,2,0,0,0
IMG_5124.png,0,0,0,0,0
IMG_5125.png,0,0,0,0,0
IMG_5126.png,0,6,0,0,0
IMG_5127.png,0,88,1,1981,6
IMG_5128.png,0,74,1,1773,24
IMG_5129.png,0,101,1,1286,30
IMG_5130.png,0,51,0,0,11
IMG_5131.png,0,1,0,0,0
IMG_5132.png,0,47,0,0,4
IMG_5133.png,0,0,0,0,0
IMG_5134.png,0,0,0,0,0
IMG_5135.png,0,0,0,0,0
IMG_5136.png,0,0,0,0,0
IMG_5137.png,0,1,0,0,0
IMG_5138.png,0,0,0,0,0
IMG_5139.png,0,3,0,0,0
IMG_5140.png,0,5,0,0,0
IMG_5141.png,0,0,0,0,0
IMG_5142.png,0,0,0,0,0
IMG_5143.png,0,0,0,0,0
IMG_5144.png,0,0,0,0,0
IMG_5145.png,0,0,0,0,0
IMG_5146.png,0,0,0,0,0
IMG_5147.png,0,0,0,0,0
IMG_5148.png,0,0,0,0,0
IMG_5149.png,0,0,0,0,1
IMG_5150.png,0,0,0,0,0
IMG_5151.png,0,0,0,0,0
IMG_5152.png,0,0,0,0,0
IMG_5153.png,0,0,0,0,0
IMG_5154.png,0,0,0,0,0
IMG_5155.png,0,0,0,0,0
IMG_5156.png,0,0,0,0,0
IMG_5157.png,0,0,0,0,0
IMG_5158.png,0,0,0,0,0
IMG_5159.png,0,0,0,0,0
IMG_5160.png,0,0,0,0,0
IMG_5161.png,0,0,0,0,0
IMG_5162.png,0,0,0,0,0
IMG_5163.png,0,0,0,0,0
IMG_5164.png,0,0,0,0,0
IMG_5165.png,0,0,0,0,0
IMG_5166.png,0,0,0,0,0
IMG_5167.png,0,0,0,0,0
IMG_5168.png,0,0,0,0,0
IMG_5169.png,0,0,0,0,0
IMG_5170.png,0,0,0,0,0
IMG_5171.png,0,0,0,0,0
IMG_5172.png,0,0,0,0,0
IMG_5173.png,0,0,0,0,0
IMG_5174.png,0,2,0,0,0
IMG_5175.png,0,2,0,0,0
IMG_5176.png,0,0,0,0,0
IMG_5177.png,0,0,0,0,0
IMG_5178.png,0,0,0,0,0
IMG_5179.png,0,0,0,0,0
IMG_5180.png,0,0,0,0,0
IMG_5181.png,0,0,0,0,0
IMG_5182.png,9,499,6,7687,290
IMG_5183.png,9,629,6,12421,407
IMG_5184.png,9,588,4,11034,381
IMG_5185.png,9,660,4,12561,420
IMG_5186.png,9,718,3,15187,482
IMG_5187.png,9,721,6,15049,499
IMG_5188.png,9,747,7,15784,514
IMG_5189.png,9,744,6,14477,548
IMG_5190.png,9,758,7,16190,551
IMG_5193.png,9,732,7,14851,501
IMG_5194.png,9,752,6,14879,504
IMG_5195.png,9,740,6,14570,460
IMG_5196.png,9,714,6,13782,462
IMG_5197.png,9,754,7,14534,461
IMG_5198.png,9,716,8,15986,497
IMG_5199.png,9,798,8,16679,533
IMG_5200.png,9,732,8,16129,534
IMG_5201.png,9,730,7,16217,556
IMG_5203.png,9,730,7,15782,492
IMG_5204.png,9,737,6,16214,485
IMG_5205.png,9,782,7,17309,488
IMG_5206.png,9,747,6,17107,496
IMG_5207.png,9,725,6,14698,448
IMG_5208.png,9,645,6,13774,418
IMG_5209.png,9,687,6,14206,441
IMG_5210.png,9,651,7,14436,398
IMG_5211.png,9,621,6,14039,396
IMG_5212.png,9,635,3,10260,334
IMG_5213.png,9,593,5,10547,331
IMG_5214.png,9,610,6,11374,341
IMG_5215.png,9,606,5,9901,326
IMG_5216.png,9,637,5,12057,388
IMG_5217.png,9,827,5,18899,595
IMG_5218.png,9,749,5,17172,534
IMG_5219.png,9,567,4,7575,320
IMG_5220.png,9,635,4,8904,296
IMG_5221.png,9,706,5,14318,430
IMG_5225.png,9,743,6,13966,458
IMG_5226.png,9,718,6,15006,442
IMG_5227.png,9,756,7,16328,488
IMG_5228.png,9,694,7,15612,443
IMG_5229.png,9,648,4,10277,361
IMG_5230.png,9,633,6,10243,397
IMG_5231.png,9,642,7,11002,400
IMG_5232.png,9,558,5,9339,346
IMG_5233.png,9,595,5,11256,389
IMG_5234.png,9,609,6,10998,435
IMG_5235.png,9,687,5,12598,463
IMG_5236.png,9,633,3,12474,439
IMG_5237.png,9,624,4,11235,394
IMG_5238.png,9,585,5,10413,404
IMG_5239.png,9,560,5,9678,385
IMG_5241.png,9,569,7,10383,412
IMG_5243.png,9,563,8,10090,386
IMG_5244.png,9,560,6,9020,396
IMG_5245.png,9,624,6,8750,411
IMG_5246.png,9,603,7,10622,361
IMG_5247.png,9,652,7,11543,398
IMG_5248.png,9,617,6,11899,441
IMG_5249.png,9,562,6,9268,395
IMG_5251.png,9,785,5,15182,541
IMG_5252.png,9,669,6,12962,394
IMG_5253.png,9,492,4,9707,291
IMG_5254.png,9,578,8,12750,380
IMG_5255.png,9,605,9,11868,354
IMG_5256.png,9,617,8,10636,373
IMG_5257.png,9,584,2,10953,390
IMG_5258.png,9,781,4,16983,544
IMG_5259.png,9,649,7,12695,442
IMG_5260.png,9,616,5,10037,325
IMG_5261.png,9,662,6,9983,325
IMG_5262.png,9,410,4,7660,259
IMG_5263.png,9,449,5,5667,327
IMG_5264.png,9,487,4,5005,320
IMG_5265.png,9,443,4,4871,309
IMG_5266.png,9,411,5,5374,295
IMG_5268.png,9,437,5,5134,314
IMG_5269.png,9,400,5,5089,305
IMG_5270.png,9,406,5,5323,321
IMG_5271.png,9,429,5,5734,317
IMG_5272.png,9,475,2,7871,268
IMG_5273.png,9,551,3,8930,319
IMG_5274.png,9,541,4,9464,276
IMG_5275.png,9,528,4,9185,304
IMG_5276.png,9,566,4,8934,302
IMG_5277.png,9,582,6,10099,307
IMG_5278.png,9,504,4,9317,285
IMG_5280.png,9,445,4,6202,253
IMG_5281.png,9,486,6,6924,265
IMG_5282.png,9,456,2,7182,289
IMG_5283.png,9,455,5,7435,291
IMG_5284.png,9,445,5,6305,270
IMG_5285.png,9,466,4,6395,306
IMG_5286.png,9,476,4,7981,291
IMG_5287.png,9,461,3,5700,282
IMG_5288.png,9,540,5,7023,280
IMG_5289.png,9,563,5,6749,308
IMG_5290.png,9,445,4,5131,282
IMG_5292.png,9,567,5,6898,303
IMG_5293.png,9,544,7,8816,319
IMG_5294.png,9,513,6,8103,330
IMG_5295.png,9,546,7,8517,351
IMG_5296.png,9,443,5,7370,258
IMG_5297.png,9,647,5,11444,359
IMG_5298.png,9,569,6,9735,323
IMG_5299.png,9,545,5,7778,303
IMG_5300.png,9,570,6,8685,326
IMG_5301.png,9,524,6,7583,300
IMG_5302.png,9,499,6,7221,284
IMG_5303.png,9,582,5,7587,353
IMG_5304.png,9,526,4,3794,310
IMG_5305.png,9,440,4,4817,269
IMG_5306.png,9,482,4,4427,273
IMG_5307.png,9,375,4,4212,238
IMG_5308.png,9,455,4,4913,233
IMG_5309.png,9,443,5,5368,238
IMG_5310.png,9,435,2,1799,226
IMG_5311.png,9,392,3,2440,213
IMG_5312.png,9,417,6,6028,215
IMG_5313.png,10,552,6,6436,300
IMG_5314.png,10,530,4,4998,290
IMG_5315.png,10,557,4,5634,301
IMG_5316.png,10,503,4,5643,322
IMG_5317.png,10,567,4,5610,328
IMG_5318.png,10,559,4,5884,320
IMG_5319.png,10,573,4,6257,329
IMG_5320.png,10,734,6,14955,503
IMG_5322.png,10,660,6,11924,408
IMG_5323.png,10,681,5,9747,400
IMG_5324.png,10,643,7,12041,422
IMG_5325.png,10,671,7,11376,434
IMG_5326.png,10,736,6,12889,435
IMG_5327.png,10,712,5,10325,371
IMG_5328.png,10,740,6,12363,417
IMG_5329.png,10,828,7,14843,465
IMG_5330.png,10,624,3,10969,350
IMG_5331.png,10,626,5,12346,386
IMG_5332.png,10,607,6,10681,376
IMG_5333.png,10,583,5,9963,380
IMG_5334.png,10,781,5,17925,608
IMG_5335.png,10,767,4,17164,515
IMG_5336.png,10,710,5,11568,434
IMG_5337.png,10,806,7,11751,426
IMG_5338.png,10,601,5,9008,374
IMG_5339.png,10,686,8,14084,400
IMG_5340.png,10,692,7,12333,416
IMG_5341.png,10,672,3,11259,381
IMG_5342.png,10,760,6,13053,467
IMG_5343.png,10,808,6,13596,481
IMG_5344.png,10,735,6,14229,445
IMG_5345.png,10,716,5,12912,419
IMG_5346.png,10,551,1,8406,322
IMG_5347.png,10,638,3,11009,381
IMG_5348.png,10,618,5,10700,384
IMG_5349.png,10,594,4,8918,370
IMG_5350.png,10,637,6,10565,397
IMG_5351.png,10,614,6,7791,348
IMG_5352.png,10,519,5,6481,298
IMG_5353.png,10,567,7,9709,359
IMG_5354.png,10,592,6,7718,330
IMG_5355.png,10,623,7,8215,293
IMG_5356.png,10,517,5,5837,316
IMG_5357.png,10,526,4,5882,273
IMG_5358.png,10,611,5,6005,342
IMG_5359.png,10,520,4,4916,330
IMG_5360.png,10,534,3,3863,303
IMG_5361.png,10,498,4,4427,310
IMG_5363.png,10,524,5,5583,264
IMG_5364.png,10,549,5,5532,288
IMG_5365.png,10,554,4,5224,366
IMG_5366.png,10,585,4,5464,391
IMG_5367.png,10,578,5,5325,349
IMG_5368.png,10,566,4,5000,341
IMG_5369.png,10,643,4,5884,306
IMG_5370.png,10,570,6,7362,321
IMG_5371.png,10,607,6,7819,321
IMG_5372.png,10,655,6,8475,335
IMG_5373.png,10,584,6,9523,322
IMG_5374.png,10,554,4,5765,298
IMG_5375.png,10,643,5,9819,405
IMG_5376.png,10,582,5,7787,343
IMG_5377.png,10,583,5,6843,273
IMG_5378.png,10,601,4,8770,284
IMG_5379.png,10,584,4,8930,290
IMG_5380.png,10,884,6,17215,587
IMG_5381.png,10,831,7,15887,526
IMG_5382.png,10,835,8,14939,500
IMG_5383.png,10,774,6,13642,427
IMG_5384.png,10,715,9,15371,447
IMG_5385.png,10,719,6,13304,464
IMG_5386.png,10,735,6,11992,338
IMG_5387.png,10,704,3,11774,346
IMG_5388.png,10,769,3,12181,365
IMG_5389.png,10,714,4,11009,362
IMG_5390.png,10,651,2,9958,352
IMG_5391.png,10,689,1,13237,355
IMG_5392.png,10,653,6,10425,335
IMG_5393.png,10,708,6,11948,370
IMG_5394.png,10,643,1,12467,390
IMG_5395.png,10,613,5,10632,347
IMG_5396.png,10,706,2,12702,381
IMG_5397.png,10,799,3,13837,432
IMG_5398.png,10,773,5,13537,421
IMG_5399.png,10,732,4,12299,433
IMG_5400.png,10,803,7,13256,434
IMG_5401.png,10,815,5,12670,442
IMG_5402.png,10,722,6,12030,422
IMG_5403.png,10,810,5,13276,442
IMG_5404.png,10,788,6,13762,440
IMG_5405.png,10,757,7,13726,431
IMG_5407.png,10,782,4,12288,409
IMG_5408.png,10,735,7,12405,412
IMG_5415.png,10,677,6,10249,352
IMG_5416.png,10,716,7,11287,351
IMG_5417.png,10,676,5,10039,341
IMG_5418.png,10,690,5,8932,355
IMG_5419.png,10,656,5,10682,330
IMG_5420.png,10,695,6,10604,354
IMG_5421.png,10,697,6,9323,360
IMG_5422.png,10,638,2,10773,389
IMG_5423.png,10,577,2,8528,321
IMG_5424.png,10,604,6,10122,312
IMG_5425.png,10,637,7,9857,311
IMG_5426.png,10,640,7,8705,344
IMG_5427.png,10,655,4,8204,302
IMG_5428.png,10,595,5,7315,321
IMG_5429.png,10,553,4,6940,299
IMG_5430.png,10,571,4,9583,316
IMG_5431.png,10,604,4,8403,324
IMG_5432.png,10,599,6,10295,317
IMG_5433.png,10,670,7,7373,324
IMG_5434.png,10,615,8,8581,310
IMG_5435.png,10,719,8,11199,374
IMG_5436.png,11,744,6,8314,366
IMG_5437.png,11,887,6,14561,482
IMG_5438.png,11,919,5,15533,491
IMG_5439.png,11,831,6,16393,512
IMG_5440.png,11,917,7,17240,485
IMG_5441.png,11,832,6,16409,523
IMG_5442.png,11,787,7,16419,499
IMG_5443.png,11,794,7,16200,495
IMG_5445.png,11,826,6,15037,491
IMG_5446.png,11,823,8,15509,503
IMG_5447.png,11,811,4,15144,492
IMG_5448.png,11,866,6,13689,481
IMG_5449.png,11,833,5,15034,501
IMG_5450.png,11,846,3,16124,502
IMG_5451.png,11,995,2,14823,538
IMG_5452.png,11,891,2,14666,527
IMG_5453.png,11,995,3,20307,533
IMG_5454.png,11,940,2,19109,535
IMG_5455.png,11,825,6,13323,498
IMG_5456.png,11,823,5,14529,509
IMG_5457.png,11,830,5,14191,467
IMG_5458.png,11,795,6,14534,441
IMG_5459.png,11,808,6,14567,434
IMG_5460.png,11,711,5,12737,411
IMG_5461.png,11,756,5,12040,414
IMG_5462.png,11,759,4,13162,412
IMG_5463.png,11,797,5,14583,420
IMG_5464.png,11,778,7,13479,414
IMG_5465.png,11,698,7,13569,376
IMG_5466.png,11,615,8,11069,342
IMG_5467.png,11,634,7,9830,319
IMG_5471.png,11,603,4,9449,325
IMG_5472.png,11,628,6,7981,309
IMG_5474.png,11,737,6,9361,360
IMG_5475.png,11,658,5,8953,334
IMG_5476.png,11,690,4,11710,386
IMG_5477.png,11,694,5,12254,421
IMG_5478.png,11,886,4,17097,557
IMG_5479.png,11,806,6,15735,448
IMG_5480.png,11,764,7,15474,439
IMG_5481.png,11,762,8,14039,430
IMG_5482.png,11,753,7,13217,383
IMG_5483.png,11,780,7,14197,416
IMG_5484.png,11,670,8,9645,351
IMG_5485.png,11,650,6,7502,337
IMG_5486.png,11,611,7,8294,321
IMG_5487.png,11,680,7,8789,380
IMG_5488.png,11,625,6,8037,359
IMG_5489.png,11,704,7,8520,351
IMG_5490.png,11,644,6,7475,347
IMG_5491.png,11,617,8,9530,319
IMG_5492.png,11,603,8,9899,342
IMG_5493.png,11,656,5,9045,325
IMG_5494.png,11,657,2,8940,365
IMG_5495.png,11,686,4,10783,396
IMG_5496.png,11,765,2,10961,467
IMG_5497.png,11,714,4,11312,401
IMG_5498.png,11,695,3,9876,378
IMG_5499.png,11,628,4,10745,354
IMG_5500.png,11,798,6,12698,496
IMG_5501.png,11,734,6,12180,418
IMG_5502.png,11,745,7,12522,418
IMG_5503.png,11,848,7,14731,470
IMG_5504.png,11,773,5,12494,433
IMG_5505.png,11,787,3,11638,421
IMG_5506.png,11,751,5,12913,341
IMG_5507.png,11,709,4,9165,329
IMG_5508.png,11,696,6,7146,317
IMG_5509.png,11,673,5,7446,336
IMG_5510.png,11,727,3,7205,343
IMG_5511.png,11,605,2,5400,302
IMG_5512.png,11,632,4,8243,315
IMG_5513.png,11,604,5,8172,298
IMG_5514.png,11,601,5,5962,297
IMG_5515.png,11,579,3,6526,267
IMG_5516.png,11,662,1,8430,346
IMG_5517.png,11,702,4,6896,330
IMG_5518.png,11,600,5,8232,315
IMG_5519.png,11,545,2,7052,287
IMG_5520.png,11,607,4,6432,280
IMG_5521.png,11,667,2,6463,294
IMG_5522.png,11,539,3,7497,279
IMG_5523.png,11,558,2,7311,286
IMG_5524.png,11,471,1,5947,238
IMG_5525.png,11,698,4,12714,384
IMG_5526.png,11,776,3,12014,406
IMG_5527.png,11,632,4,9171,340
IMG_5528.png,11,598,3,9844,332
IMG_5529.png,11,679,5,12241,383
IMG_5530.png,11,712,4,12150,424
IMG_5531.png,11,648,4,12484,401
IMG_5532.png,11,642,5,11823,394
IMG_5533.png,11,629,6,10713,375
IMG_5534.png,11,770,4,8556,332
IMG_5535.png,11,656,4,10047,349
IMG_5536.png,11,649,4,10312,364
IMG_5537.png,11,689,8,11563,384
IMG_5538.png,11,727,9,12573,389
IMG_5539.png,11,564,4,9264,338
IMG_5540.png,11,701,3,11773,392
IMG_5541.png,11,612,7,9228,351
IMG_5542.png,11,468,3,3253,249
IMG_5543.png,11,533,6,6931,285
IMG_5545.png,11,555,2,5961,272
IMG_5546.png,11,665,2,7449,324
IMG_5547.png,11,614,2,8488,298
IMG_5549.png,11,658,1,8252,313
IMG_5550.png,11,569,4,7590,269
IMG_5552.png,11,505,1,7545,280
IMG_5553.png,11,531,3,7887,276
IMG_5554.png,11,574,2,9272,305
IMG_5555.png,11,552,2,8354,307
IMG_5558.png,11,557,3,9760,323
IMG_5559.png,11,496,3,8128,272
IMG_5560.png,11,592,4,7569,301
IMG_5561.png,11,679,6,7530,325
IMG_5562.png,11,676,6,7582,342
IMG_5563.png,11,623,7,9202,318
IMG_5565.png,11,657,3,9641,329
IMG_5566.png,11,629,3,7524,317
IMG_5567.png,11,612,4,7507,304
IMG_5568.png,11,656,4,8445,321
IMG_5569.png,11,726,3,6920,324
IMG_5570.png,11,630,5,8520,377
IMG_5571.png,12,694,6,8650,354
IMG_5572.png,12,631,4,6523,346
IMG_5573.png,12,626,6,8281,322
IMG_5574.png,12,651,7,9294,313
IMG_5575.png,12,731,6,8937,352
IMG_5576.png,12,726,5,9407,374
IMG_5577.png,12,586,5,8046,330
IMG_5578.png,12,717,5,11418,389
IMG_5579.png,12,659,4,9173,327
IMG_5580.png,12,735,3,8977,341
IMG_5581.png,12,724,4,8929,351
IMG_5582.png,12,708,4,9144,357
IMG_5583.png,12,727,5,8135,338
IMG_5584.png,12,716,4,9046,355
IMG_5585.png,12,806,6,9783,351
IMG_5586.png,12,738,7,11220,387
IMG_5587.png,12,613,5,7813,300
IMG_5588.png,12,664,5,8828,332
IMG_5589.png,12,712,6,8901,333
IMG_5590.png,12,655,6,7941,331
IMG_5591.png,12,709,6,7612,313
IMG_5592.png,12,652,5,6330,324
IMG_5593.png,12,695,7,7967,313
IMG_5594.png,12,666,8,9360,338
IMG_5595.png,12,659,6,8237,346
IMG_5596.png,12,741,7,9064,330
IMG_5597.png,12,615,3,4096,292
IMG_5598.png,12,752,5,7240,435
IMG_5599.png,12,603,5,9245,342
IMG_5600.png,12,686,5,10372,363
IMG_5601.png,12,681,4,10245,374
IMG_5602.png,12,585,5,8682,326
IMG_5603.png,12,680,3,4954,308
IMG_5604.png,12,713,3,10020,356
IMG_5605.png,12,1041,5,17324,572
IMG_5606.png,12,675,6,6417,341
IMG_5607.png,12,511,3,2719,310
IMG_5608.png,12,664,7,7422,392
IMG_5609.png,12,537,0,0,296
IMG_5610.png,12,546,3,2576,311
IMG_5611.png,12,556,3,3528,320
IMG_5613.png,12,589,5,5570,312
IMG_5614.png,12,578,5,4946,302
IMG_5615.png,12,567,5,4935,303
IMG_5616.png,12,605,4,7014,310
IMG_5617.png,12,654,3,8261,302
IMG_5618.png,12,540,2,6616,288
IMG_5619.png,12,601,2,7435,326
IMG_5620.png,12,799,1,10262,393
IMG_5621.png,12,743,4,6898,388
IMG_5622.png,12,705,4,8430,377
IMG_5623.png,12,658,5,9249,334
IMG_5624.png,12,609,6,7538,340
IMG_5625.png,12,568,3,5646,298
IMG_5627.png,12,764,8,10239,389
IMG_5628.png,12,739,6,9554,384
IMG_5629.png,12,713,5,8044,339
IMG_5630.png,12,771,4,7717,345
IMG_5631.png,12,651,4,9730,328
IMG_5632.png,12,762,5,9356,352
IMG_5633.png,12,697,6,10172,330
IMG_5634.png,12,657,6,10457,320
IMG_5635.png,12,712,9,10329,327
IMG_5636.png,12,689,7,8029,310
IMG_5637.png,12,697,4,11441,375
IMG_5638.png,12,675,5,8206,356
IMG_5639.png,12,729,8,10323,378
IMG_5640.png,12,739,8,9123,395
IMG_5641.png,12,681,7,9501,362
IMG_5642.png,12,721,6,11223,381
IMG_5643.png,12,652,7,9263,341
IMG_5644.png,12,701,7,9493,359
IMG_5645.png,12,674,6,9879,357
IMG_5646.png,12,623,5,9901,337
IMG_5647.png,12,620,6,9848,326
IMG_5648.png,12,674,4,11840,342
IMG_5650.png,12,710,4,10955,368
IMG_5651.png,12,606,4,11465,332
IMG_5652.png,12,655,4,9713,323
IMG_5656.png,13,789,8,8256,366
IMG_5657.png,13,727,7,8901,382
IMG_5658.png,13,833,7,10003,393
IMG_5659.png,13,820,6,9122,387
IMG_5660.png,13,801,7,10750,398
IMG_5661.png,13,832,6,9067,409
IMG_5662.png,13,780,6,8584,386
IMG_5663.png,13,801,6,11194,387
IMG_5664.png,13,807,7,12963,410
IMG_5665.png,13,836,7,11088,375
IMG_5666.png,13,717,6,11577,375
IMG_5667.png,13,700,5,8594,339
IMG_5668.png,13,712,9,10016,353
IMG_5669.png,13,770,7,9511,354
IMG_5670.png,13,707,6,6767,367
IMG_5671.png,13,682,6,8089,383
IMG_5672.png,13,747,8,10213,388
IMG_5673.png,13,733,8,10712,413
IMG_5674.png,13,848,10,12277,473
IMG_5675.png,13,807,10,13093,467
IMG_5676.png,13,929,10,15630,486
IMG_5677.png,13,910,10,13500,490
IMG_5678.png,13,826,10,13466,487
IMG_5679.png,13,892,10,13473,483
IMG_5680.png,13,893,10,13622,514
IMG_5681.png,13,788,8,10896,377
IMG_5682.png,13,741,6,9385,391
IMG_5683.png,13,747,4,9490,380
IMG_5684.png,13,732,5,9233,394
IMG_5685.png,13,761,4,10767,375
IMG_5686.png,13,720,7,11121,378
IMG_5687.png,13,797,7,9502,367
IMG_5688.png,13,597,6,10126,344
IMG_5689.png,13,695,4,9110,364
IMG_5690.png,13,623,5,8706,332
IMG_5691.png,13,649,4,6676,319
IMG_5692.png,13,659,6,8494,323
IMG_5693.png,13,682,6,6590,385
IMG_5694.png,13,694,8,10072,362
IMG_5695.png,13,653,7,8664,357
IMG_5696.png,13,613,6,7483,398
IMG_5697.png,13,673,7,8890,377
IMG_5698.png,13,746,8,9661,376
IMG_5699.png,13,706,7,8279,402
IMG_5700.png,13,736,8,9404,412
IMG_5701.png,13,751,8,9143,392
IMG_5702.png,13,725,10,10072,398
IMG_5703.png,13,759,8,9132,453
IMG_5704.png,13,725,6,5933,367
IMG_5705.png,13,721,7,7182,351
IMG_5706.png,13,661,7,7422,352
IMG_5707.png,13,669,9,9033,357
IMG_5708.png,13,662,8,8417,339
IMG_5709.png,13,668,7,7151,329
IMG_5710.png,13,651,7,7196,338
IMG_5711.png,13,664,8,8211,340
IMG_5712.png,13,689,7,6871,343
IMG_5713.png,13,689,8,8294,367
IMG_5714.png,13,651,7,7249,355
IMG_5715.png,13,645,8,9395,387
IMG_5716.png,13,703,7,8164,377
IMG_5717.png,13,704,5,7363,358
IMG_5718.png,13,717,4,6443,378
IMG_5719.png,13,891,9,14273,490
IMG_5720.png,13,866,8,14158,473
IMG_5721.png,13,751,5,8350,433
IMG_5722.png,13,770,6,8381,380
IMG_5723.png,13,768,7,9617,409
IMG_5724.png,13,732,5,8076,386
IMG_5725.png,13,672,3,6354,390
IMG_5726.png,13,656,4,8208,378
IMG_5727.png,13,697,4,5467,368
IMG_5728.png,13,647,4,5342,325
IMG_5729.png,13,603,2,8546,309
IMG_5730.png,13,526,2,6317,314
IMG_5731.png,13,636,5,6487,323
IMG_5732.png,13,655,4,6564,338
IMG_5733.png,13,563,5,7646,346
IMG_5734.png,13,535,5,8561,333
IMG_5735.png,13,557,3,4771,281
IMG_5736.png,13,579,4,5382,279
IMG_5737.png,13,666,6,6158,336
IMG_5738.png,13,619,4,6521,303
IMG_5739.png,13,781,5,9279,406
IMG_5740.png,13,730,8,7917,370
IMG_5741.png,13,621,4,4360,319
IMG_5742.png,13,772,6,8585,395
IMG_5743.png,13,864,7,10134,421
IMG_5744.png,13,780,7,11191,403
IMG_5745.png,13,725,7,8557,346
IMG_5746.png,13,733,8,10003,378
IMG_5747.png,13,854,9,9404,407
IMG_5748.png,13,747,9,9379,377
IMG_5749.png,13,772,4,10992,382
IMG_5750.png,13,735,7,11408,370
IMG_5751.png,13,614,6,8699,327
IMG_5752.png,13,746,6,9469,391
IMG_5753.png,13,732,8,12377,384
IMG_5754.png,13,778,7,8687,365
IMG_5755.png,13,752,7,10956,386
IMG_5756.png,13,821,4,7103,378
IMG_5757.png,13,913,6,11441,459
IMG_5758.png,13,828,7,10214,399
IMG_5759.png,13,825,7,9907,409
IMG_5760.png,13,824,7,10571,395
IMG_5761.png,13,828,5,9910,384
IMG_5762.png,13,731,6,8998,371
IMG_5763.png,13,782,7,9650,393
IMG_5764.png,13,743,7,8374,359
IMG_5765.png,13,762,7,8104,382
IMG_5766.png,13,749,8,9926,365
IMG_5767.png,13,706,10,9318,364
IMG_5768.png,13,715,9,8974,359
IMG_5769.png,13,697,7,6827,349
IMG_5770.png,13,828,8,11996,423
IMG_5771.png,13,747,9,10450,366
IMG_5772.png,13,775,7,10298,375
IMG_5773.png,13,758,8,8781,346
IMG_5774.png,13,708,6,7483,338
IMG_5775.png,13,796,7,8244,371
IMG_5776.png,13,749,6,9082,369
IMG_5777.png,13,791,8,11915,415
IMG_5778.png,13,815,5,12759,435
IMG_5779.png,13,747,5,13152,429
IMG_5780.png,13,688,4,9517,408
IMG_5781.png,13,706,4,10199,395
IMG_5782.png,13,651,7,8844,325
IMG_5783.png,13,683,5,7616,309
IMG_5784.png,13,727,4,6822,327
IMG_5785.png,13,732,3,9028,371
IMG_5786.png,13,752,7,10302,364
IMG_5787.png,13,623,5,7378,359
IMG_5788.png,13,663,5,6724,352
IMG_5789.png,13,677,6,7145,380
IMG_5790.png,13,725,6,8328,360
IMG_5791.png,13,673,5,6470,377
IMG_5792.png,13,686,5,6523,353
IMG_5793.png,13,729,5,8178,310
IMG_5794.png,13,776,5,9218,338
IMG_5795.png,13,699,5,8538,334
IMG_5796.png,13,746,6,8235,326
IMG_5797.png,13,710,5,7843,334
IMG_5798.png,13,662,5,7255,331
IMG_5799.png,13,664,7,7633,320
IMG_5800.png,13,664,6,6987,331
IMG_5801.png,13,695,8,8072,338
IMG_5802.png,13,708,8,8417,353
IMG_5803.png,13,646,3,11496,337
IMG_5804.png,13,690,7,9611,375
IMG_5805.png,13,602,5,5303,299
IMG_5806.png,13,635,8,7348,307
IMG_5807.png,13,669,7,6399,303
IMG_5808.png,13,630,6,5906,314
IMG_5809.png,13,640,5,5381,332
IMG_5810.png,13,628,4,4769,326
IMG_5811.png,13,554,6,5909,291
IMG_5812.png,13,722,7,10080,340
IMG_5813.png,13,714,7,11102,356
IMG_5814.png,13,670,7,8987,320
IMG_5815.png,13,710,7,10421,343
IMG_5816.png,13,695,7,10280,343
IMG_5817.png,13,805,7,10938,359
IMG_5818.png,13,755,9,10147,368
IMG_5819.png,13,734,6,9155,371
IMG_5820.png,13,752,3,10882,357
IMG_5821.png,13,794,4,9537,422
IMG_5822.png,13,875,7,13288,464
IMG_5823.png,13,902,8,14491,482
IMG_5824.png,13,945,7,14450,497
IMG_5825.png,13,687,7,9728,375
IMG_5826.png,13,684,7,9939,355
IMG_5827.png,13,841,7,11493,422
IMG_5828.png,14,851,7,9787,398
IMG_5829.png,14,771,5,7414,364
IMG_5830.png,14,784,6,8455,363
IMG_5831.png,14,739,8,8321,362
IMG_5832.png,14,826,6,7216,393
IMG_5833.png,14,717,6,6671,386
IMG_5834.png,14,784,5,5187,351
IMG_5835.png,14,709,5,4957,330
IMG_5836.png,14,734,3,2833,350
IMG_5837.png,14,763,6,6108,346
IMG_5838.png,14,806,6,6169,345
IMG_5839.png,14,773,7,11681,382
IMG_5840.png,14,815,8,11527,384
IMG_5841.png,14,774,8,11405,385
IMG_5842.png,14,786,8,11455,401
IMG_5843.png,14,732,7,10746,420
IMG_5844.png,14,804,5,11551,416
IMG_5845.png,14,873,5,11937,435
IMG_5846.png,14,838,5,11755,421
IMG_5847.png,14,834,7,8838,370
IMG_5848.png,14,787,6,7234,367
IMG_5849.png,14,836,7,8589,368
IMG_5850.png,14,777,8,10017,357
IMG_5851.png,14,783,9,9995,353
IMG_5852.png,14,755,8,9324,343
IMG_5853.png,14,722,8,8344,343
IMG_5854.png,14,780,7,7002,353
IMG_5855.png,14,737,6,7160,373
IMG_5856.png,14,838,5,13665,434
IMG_5857.png,14,899,6,13227,415
IMG_5858.png,14,836,6,14618,407
IMG_5859.png,14,857,7,14752,422
IMG_5860.png,14,909,9,13490,419
IMG_5861.png,14,853,10,12694,401
IMG_5862.png,14,960,9,12623,454
IMG_5863.png,14,771,8,9316,398
IMG_5864.png,14,836,9,10181,383
IMG_5865.png,14,884,10,9312,398
IMG_5866.png,14,808,10,10103,361
IMG_5867.png,14,729,5,5116,319
IMG_5868.png,14,691,6,7295,311
IMG_5869.png,14,788,8,9184,365
IMG_5870.png,14,729,7,8136,343
IMG_5871.png,14,697,5,9884,350
IMG_5872.png,14,641,2,9019,342
IMG_5873.png,14,653,3,9356,332
IMG_5874.png,14,800,6,11063,401
IMG_5875.png,14,819,8,10817,358
IMG_5876.png,14,746,4,8653,386
IMG_5877.png,14,805,8,12442,398
IMG_5878.png,14,812,7,11955,396
IMG_5879.png,14,812,9,11777,382
IMG_5880.png,14,874,5,12324,448
IMG_5881.png,14,974,8,14898,451
IMG_5882.png,14,998,11,13494,461
IMG_5883.png,14,823,5,8765,368
IMG_5884.png,14,795,9,12123,427
IMG_5885.png,14,809,7,11897,408
IMG_5886.png,14,838,5,10712,397
IMG_5887.png,14,750,6,8436,357
IMG_5888.png,14,808,7,11110,400
IMG_5889.png,14,828,4,10765,342
IMG_5890.png,14,738,5,6118,316
IMG_5891.png,14,826,6,10258,374
IMG_5892.png,14,800,6,8281,351
IMG_5893.png,14,788,5,7653,367
IMG_5894.png,14,746,3,9855,378
IMG_5895.png,14,809,4,11448,375
IMG_5896.png,14,772,4,6469,352
IMG_5897.png,14,825,6,6538,408
IMG_5898.png,14,816,6,6104,390
IMG_5899.png,14,776,7,7438,387
IMG_5900.png,14,795,7,7485,371
IMG_5901.png,14,717,5,4863,318
IMG_5902.png,14,744,6,5973,336
IMG_5903.png,14,821,8,8347,399
IMG_5904.png,14,850,10,10164,361
IMG_5905.png,14,767,7,7222,345
IMG_5906.png,14,740,10,9695,367
IMG_5907.png,14,828,8,7616,353
IMG_5908.png,14,734,7,7222,355
IMG_5909.png,14,751,5,5005,345
IMG_5910.png,14,735,5,5015,339
IMG_5911.png,14,780,8,7700,321
IMG_5912.png,14,802,7,6779,362
IMG_5913.png,14,766,7,6627,354
IMG_5914.png,14,804,8,7865,362
IMG_5915.png,14,890,7,12683,393
IMG_5916.png,14,797,5,11506,377
IMG_5917.png,14,746,7,10127,357
IMG_5918.png,14,838,9,11153,410
IMG_5919.png,14,786,8,11378,378
IMG_5920.png,14,872,6,12507,425
IMG_5921.png,14,754,4,10997,404
IMG_5922.png,14,873,4,11543,402
IMG_5923.png,14,972,4,15080,474
IMG_5924.png,14,793,3,11251,406
IMG_5925.png,14,742,9,14071,394
IMG_5926.png,14,765,6,10876,351
IMG_5927.png,14,842,8,10226,412
IMG_5928.png,14,920,5,9042,447
IMG_5929.png,14,897,6,10074,415
IMG_5930.png,14,825,9,11750,420
IMG_5931.png,14,772,8,10437,416
IMG_5932.png,14,966,6,11425,460
IMG_5933.png,14,943,10,11930,406
IMG_5934.png,14,820,6,9526,384
IMG_5935.png,14,987,8,14822,489
IMG_5936.png,14,747,6,6407,333
IMG_5937.png,14,723,8,10486,368
IMG_5938.png,14,838,8,11865,381
IMG_5939.png,14,795,10,10375,393
IMG_5940.png,14,886,7,12004,405
IMG_5941.png,14,720,3,7563,319
IMG_5942.png,14,818,3,8470,400
IMG_5943.png,14,867,6,11201,415
IMG_5944.png,14,791,3,10693,407
IMG_5945.png,14,824,6,11315,432
IMG_5946.png,14,723,5,9552,364
IMG_5947.png,14,718,7,6732,315
IMG_5948.png,14,695,9,9733,358
IMG_5949.png,14,791,8,8796,343
IMG_5950.png,14,837,9,10425,353
IMG_5951.png,14,944,8,9651,366
IMG_5952.png,14,743,7,8023,333
IMG_6184.png,1,44,1,951,45
IMG_6186.png,1,50,1,1570,87
IMG_6187.png,1,58,1,1593,93
IMG_6188.png,1,60,2,2561,100
IMG_6189.png,1,50,1,1927,90
IMG_6191.png,1,110,1,7443,182
IMG_6192.png,1,121,1,6878,236
IMG_6193.png,1,95,1,6454,167
IMG_6194.png,1,105,1,6693,167
IMG_6195.png,1,111,1,6907,218
IMG_6196.png,1,102,1,5674,146
IMG_6198.png,1,44,1,1857,57
IMG_6202.png,1,109,1,6020,158
IMG_6203.png,1,88,2,5304,165
IMG_6204.png,1,81,1,5004,95
IMG_6205.png,1,82,1,5460,107
IMG_6206.png,1,45,1,1331,72
IMG_6208.png,1,163,3,6294,214
IMG_6209.png,1,127,3,5041,196
IMG_6210.png,1,137,3,5394,197
IMG_6211.png,1,103,1,4903,171
IMG_6212.png,1,178,3,7077,231
IMG_6213.png,1,151,5,6870,189
IMG_6214.png,1,84,3,3963,127
IMG_6215.png,1,90,1,2369,92
IMG_6216.png,1,45,1,1119,42
IMG_6217.png,1,42,1,1589,39
IMG_6219.png,1,55,1,1258,52
IMG_6221.png,1,65,1,1744,73
IMG_6222.png,1,54,1,1032,52
IMG_6223.png,1,118,4,6010,167
IMG_6224.png,1,102,2,3545,109
IMG_6225.png,1,117,3,5018,162
IMG_6226.png,1,192,1,8667,298
IMG_6227.png,1,273,2,9909,420
IMG_6228.png,1,245,1,9796,331
IMG_6229.png,1,187,1,8921,320
IMG_6230.png,1,197,1,6720,305
IMG_6231.png,1,356,2,9247,620
IMG_6232.png,1,103,1,7770,192
IMG_6233.png,1,138,1,8013,220
IMG_6234.png,1,81,1,3654,154
IMG_6235.png,1,113,4,5014,162
IMG_6236.png,1,83,3,5117,150
IMG_6237.png,1,130,4,7922,219
IMG_6238.png,1,68,1,3979,119
IMG_6239.png,1,76,3,3715,136
IMG_6241.png,1,158,3,5133,205
IMG_6242.png,1,245,3,6645,448
IMG_6243.png,1,476,2,7002,796
IMG_6244.png,1,279,3,7109,637
IMG_6245.png,1,210,3,6161,415
IMG_6246.png,1,227,1,6170,438
IMG_6247.png,1,429,2,7925,954
IMG_6248.png,1,72,1,4314,150
IMG_6249.png,1,137,1,7270,282
IMG_6250.png,1,106,1,7769,232
IMG_6251.png,1,185,1,5596,379
IMG_6252.png,1,206,1,5885,407
IMG_6253.png,1,341,3,6094,753
IMG_6254.png,1,193,1,5477,373
IMG_6255.png,1,194,2,5857,397
IMG_6256.png,1,166,2,6189,346
IMG_6257.png,1,276,1,6796,525
IMG_6258.png,1,174,1,5971,335
IMG_6259.png,1,152,1,6906,273
IMG_6260.png,1,450,2,8669,916
IMG_6261.png,1,160,1,6907,303
IMG_6262.png,1,93,3,5482,159
IMG_6263.png,1,92,2,3920,160
IMG_6264.png,1,69,1,1874,109
IMG_6265.png,1,86,1,1835,116
IMG_6266.png,1,184,4,6794,273
IMG_6267.png,1,135,1,3874,166
IMG_6269.png,1,107,1,3518,127
IMG_6272.png,1,39,1,1897,70
IMG_6273.png,1,32,1,1716,52
IMG_6274.png,1,35,1,1139,45
IMG_6275.png,1,30,1,1228,51
IMG_6276.png,1,50,1,2121,79
IMG_6277.png,1,34,1,1306,48
IMG_6278.png,1,93,1,5015,227
IMG_6279.png,1,177,1,6725,448
IMG_6280.png,1,104,1,5969,258
IMG_6281.png,1,68,1,3486,158
IMG_6282.png,1,234,1,7846,736
IMG_6283.png,1,149,1,7799,454
IMG_6284.png,1,199,2,6574,514
IMG_6285.png,1,178,1,8380,453
IMG_6286.png,1,242,1,10825,569
IMG_6288.png,2,271,2,14144,536
IMG_6289.png,2,365,2,15595,492
IMG_6290.png,2,316,2,13729,499
IMG_6291.png,2,309,1,14110,485
IMG_6292.png,2,303,1,13265,450
IMG_6293.png,2,155,1,4881,200
IMG_6294.png,2,164,1,5007,244
IMG_6295.png,2,220,2,8060,296
IMG_6296.png,2,234,2,9269,333
IMG_6297.png,2,196,2,7422,294
IMG_6298.png,2,179,2,4072,166
IMG_6299.png,2,129,2,3582,138
IMG_6301.png,2,191,2,8507,310
IMG_6302.png,2,139,1,4278,242
IMG_6303.png,2,194,2,8159,331
IMG_6304.png,2,178,1,6533,288
IMG_6305.png,2,148,1,6019,256
IMG_6306.png,2,153,1,6512,242
IMG_6307.png,2,188,2,6364,267
IMG_6308.png,2,168,2,5696,227
IMG_6309.png,2,181,2,5849,280
IMG_6310.png,2,86,2,3203,127
IMG_6311.png,2,99,2,4028,143
IMG_6312.png,2,106,1,1127,124
IMG_6313.png,2,146,4,5198,261
IMG_6314.png,2,232,4,6724,269
IMG_6315.png,2,143,2,3410,190
IMG_6316.png,2,153,2,3890,189
IMG_6317.png,2,102,2,2629,120
IMG_6318.png,2,115,1,2167,120
IMG_6319.png,2,89,1,2901,97
IMG_6320.png,2,59,1,2024,85
IMG_6321.png,2,172,1,8859,279
IMG_6322.png,2,92,1,2591,101
IMG_6323.png,2,166,2,4869,208
IMG_6324.png,2,100,2,2256,112
IMG_6325.png,2,94,2,2286,105
IMG_6326.png,2,84,2,2095,107
IMG_6328.png,2,112,1,973,161
IMG_6329.png,2,162,3,4397,245
IMG_6330.png,2,127,2,2354,142
IMG_6331.png,2,152,2,3000,183
IMG_6332.png,2,116,2,2964,151
IMG_6333.png,2,182,3,5978,257
IMG_6334.png,2,137,2,2165,168
IMG_6337.png,2,87,2,2722,142
IMG_6338.png,2,146,2,2855,192
IMG_6339.png,2,187,2,6468,215
IMG_6340.png,2,189,4,5786,252
IMG_6341.png,2,154,2,3148,166
IMG_6343.png,2,299,4,10370,295
IMG_6344.png,2,239,3,9247,328
IMG_6345.png,2,173,2,6037,232
IMG_6346.png,2,171,2,5631,164
IMG_6347.png,2,96,1,1333,76
IMG_6348.png,2,162,2,5301,138
IMG_6349.png,2,196,2,6180,221
IMG_6350.png,2,185,2,3212,202
IMG_6351.png,2,226,2,8015,283
IMG_6352.png,2,223,2,10050,270
IMG_6354.png,2,150,2,6508,169
IMG_6355.png,2,228,3,7722,237
IMG_6356.png,2,210,2,9223,269
IMG_6357.png,2,324,4,11646,470
IMG_6358.png,2,96,2,1719,82
IMG_6359.png,2,127,2,2971,140
IMG_6360.png,2,128,2,4074,130
IMG_6361.png,2,121,2,4752,201
IMG_6363.png,2,133,2,6892,287
IMG_6364.png,2,114,1,3837,214
IMG_6365.png,2,149,2,5611,241
IMG_6366.png,2,137,2,5108,182
IMG_6367.png,2,144,2,4876,190
IMG_6368.png,2,100,2,2412,97
IMG_6370.png,2,110,2,2283,106
IMG_6372.png,2,95,2,2577,94
IMG_6373.png,2,118,2,2516,99
IMG_6374.png,2,141,1,3336,142
IMG_6375.png,2,146,1,3756,149
IMG_6376.png,2,94,1,2117,108
IMG_6377.png,2,155,2,4793,223
IMG_6378.png,2,110,1,2608,107
IMG_6379.png,2,147,2,4040,164
IMG_6381.png,2,369,4,12892,381
IMG_6382.png,2,256,2,9569,321
IMG_6383.png,2,245,2,9685,280
IMG_6384.png,3,319,2,11553,373
IMG_6385.png,3,209,3,7711,301
IMG_6387.png,3,103,0,0,100
IMG_6388.png,3,147,3,3430,105
IMG_6389.png,3,232,2,5759,272
IMG_6390.png,3,243,3,8421,268
IMG_6391.png,3,255,3,8404,285
IMG_6392.png,3,248,2,7675,250
IMG_6393.png,3,238,3,8430,241
IMG_6394.png,3,190,3,6396,174
IMG_6395.png,3,250,3,7048,206
IMG_6396.png,3,120,2,2315,87
IMG_6397.png,3,145,2,2412,76
IMG_6398.png,3,134,2,2693,106
IMG_6400.png,3,306,3,7196,332
IMG_6401.png,3,334,3,12378,438
IMG_6402.png,3,281,3,9601,276
IMG_6403.png,3,337,3,9478,335
IMG_6404.png,3,440,3,17454,518
IMG_6405.png,3,286,3,9439,366
IMG_6406.png,3,223,3,5482,189
IMG_6407.png,3,180,3,6449,169
IMG_6408.png,3,201,3,5951,158
IMG_6409.png,3,143,3,4089,102
IMG_6410.png,3,211,2,3118,131
IMG_6411.png,3,189,2,3465,156
IMG_6412.png,3,292,3,7949,334
IMG_6413.png,3,329,2,6041,350
IMG_6414.png,3,125,1,869,93
IMG_6415.png,3,127,2,1810,78
IMG_6416.png,3,158,2,2836,101
IMG_6417.png,3,142,3,3360,100
IMG_6419.png,3,163,3,2723,113
IMG_6421.png,3,145,2,2576,108
IMG_6422.png,3,171,2,2392,88
IMG_6425.png,3,323,3,7845,445
IMG_6426.png,3,276,3,8384,356
IMG_6427.png,3,242,3,7446,256
IMG_6428.png,3,230,3,5790,215
IMG_6429.png,3,189,2,4057,140
IMG_6430.png,3,194,1,4510,170
IMG_6431.png,3,227,2,6976,220
IMG_6432.png,3,186,2,6340,241
IMG_6433.png,3,211,2,4556,194
IMG_6434.png,3,141,2,3159,120
IMG_6435.png,3,173,2,2834,109
IMG_6436.png,3,168,2,3599,107
IMG_6437.png,3,148,2,3434,101
IMG_6438.png,3,202,3,3567,114
IMG_6439.png,3,181,1,2301,104
IMG_6440.png,3,273,3,4825,229
IMG_6441.png,3,316,8,11963,420
IMG_6442.png,3,292,4,6638,313
IMG_6443.png,3,218,3,4681,217
IMG_6444.png,3,240,1,3564,204
IMG_6445.png,3,261,2,5022,257
IMG_6448.png,3,181,1,3822,184
IMG_6449.png,3,115,1,2111,79
IMG_6450.png,3,163,2,3273,116
IMG_6452.png,3,157,3,4293,130
IMG_6453.png,3,168,3,4617,205
IMG_6454.png,3,222,1,4735,192
IMG_6455.png,3,251,2,5214,243
IMG_6456.png,3,253,2,4502,261
IMG_6458.png,3,237,3,4955,248
IMG_6459.png,3,221,2,4516,184
IMG_6460.png,3,218,3,3534,152
IMG_6462.png,3,158,3,3846,154
IMG_6464.png,3,164,2,2695,142
IMG_6465.png,3,166,3,4900,187
IMG_6466.png,3,140,3,3320,158
IMG_6467.png,3,139,1,2257,126
IMG_6468.png,3,199,2,2672,222
IMG_6469.png,3,221,3,4196,240
IMG_6470.png,3,166,1,2834,164
IMG_6471.png,3,142,2,2359,157
IMG_6472.png,3,207,3,5387,209
IMG_6473.png,3,156,2,4187,160
IMG_6474.png,3,225,2,4921,266
IMG_6475.png,3,182,2,4608,210
IMG_6476.png,3,161,3,3951,195
IMG_6477.png,3,172,2,2916,199
IMG_6478.png,3,132,3,2765,137
IMG_6479.png,3,140,2,1632,136
IMG_6480.png,3,109,3,2568,106
IMG_6481.png,3,144,3,3572,131
IMG_6482.png,3,133,2,4505,149
IMG_6483.png,3,153,1,2258,128
IMG_6484.png,3,88,2,2738,91
IMG_6485.png,3,97,1,1696,86
IMG_6486.png,3,169,3,4304,195
IMG_6487.png,3,119,2,2371,124
IMG_6488.png,3,109,3,3698,143
IMG_6489.png,3,98,2,1763,96
IMG_6490.png,3,106,2,1698,109
IMG_6491.png,3,103,2,1927,122
IMG_6492.png,3,135,2,2062,110
IMG_6493.png,3,133,2,2822,124
IMG_6494.png,3,128,3,3547,118
IMG_6495.png,3,166,3,4381,177
IMG_6496.png,3,124,3,4075,129
IMG_6497.png,3,156,3,4295,142
IMG_6498.png,3,217,3,4884,214
IMG_6499.png,3,274,4,7887,291
IMG_6504.png,4,211,4,4234,176
IMG_6505.png,4,182,4,4666,177
IMG_6510.png,4,155,1,965,136
IMG_6511.png,4,165,2,2318,151
IMG_6512.png,4,162,2,2366,148
IMG_6513.png,4,165,3,3281,147
IMG_6515.png,4,248,3,4034,182
IMG_6516.png,4,272,2,5245,189
IMG_6517.png,4,243,3,4612,189
IMG_6518.png,4,325,2,6128,234
IMG_6520.png,4,246,2,5335,236
IMG_6521.png,4,285,3,6369,210
IMG_6522.png,4,277,2,6329,231
IMG_6523.png,4,289,3,6512,236
IMG_6524.png,4,239,2,5724,199
IMG_6525.png,4,262,3,6420,207
IMG_6526.png,4,215,3,4303,181
IMG_6528.png,4,204,4,5244,184
IMG_6529.png,4,219,4,5331,184
IMG_6530.png,6,369,5,4739,234
IMG_6531.png,6,306,4,4107,202
IMG_6532.png,6,302,4,4748,233
IMG_6533.png,6,255,4,4662,233
IMG_6534.png,6,232,3,2966,198
IMG_6535.png,6,201,2,2123,177
IMG_6536.png,6,271,3,3590,197
IMG_6537.png,6,311,5,5324,226
IMG_6538.png,6,341,5,5861,245
IMG_6539.png,6,368,4,6047,250
IMG_6540.png,6,363,4,7499,264
IMG_6541.png,6,336,2,5341,196
IMG_6542.png,6,316,1,3933,195
IMG_6543.png,6,337,2,4116,193
IMG_6544.png,6,282,4,5756,229
IMG_6545.png,6,252,3,4461,213
IMG_6546.png,6,284,3,5358,197
IMG_6547.png,6,279,2,4972,141
IMG_6548.png,6,300,3,5676,182
IMG_6553.png,7,536,4,9799,427
IMG_6554.png,7,489,4,7861,314
IMG_6555.png,7,412,4,7904,318
IMG_6556.png,7,373,4,5281,231
IMG_6557.png,7,417,3,7336,260
IMG_6558.png,7,434,3,8081,283
IMG_6559.png,7,404,5,8260,274
IMG_6560.png,7,433,5,9769,310
IMG_6561.png,7,369,4,8136,279
IMG_6562.png,7,385,5,9327,295
IMG_6563.png,7,373,5,8087,248
IMG_6564.png,7,346,5,7262,225
IMG_6565.png,7,307,5,5979,223
IMG_6566.png,7,303,5,5136,175
IMG_6567.png,7,329,3,5019,217
IMG_6568.png,7,328,4,6489,243
IMG_6569.png,7,358,3,4439,230
IMG_6570.png,7,399,4,4096,242
IMG_6571.png,7,357,4,5249,244
IMG_6572.png,7,307,3,5170,244
IMG_6573.png,7,331,2,3966,199
IMG_6574.png,7,359,3,4321,241
IMG_6575.png,7,383,5,6749,287
IMG_6576.png,7,402,3,6456,297
IMG_6577.png,7,425,4,7144,311
IMG_6578.png,7,458,5,9664,336
IMG_6579.png,7,411,4,7265,296
IMG_6580.png,7,421,3,9159,321
IMG_6581.png,7,362,3,6201,285
IMG_6582.png,7,373,4,6590,290
IMG_6583.png,7,380,2,5737,304
IMG_6584.png,7,307,2,4440,229
IMG_6585.png,7,439,4,7647,286
IMG_6586.png,7,279,3,3153,157
IMG_6587.png,7,373,2,5534,256
IMG_6588.png,7,377,2,6297,261
IMG_6589.png,7,427,3,6520,277
IMG_6590.png,7,362,3,2393,215
IMG_6591.png,7,280,2,1835,191
IMG_6592.png,7,428,3,5496,234
IMG_6593.png,7,471,3,6523,266
IMG_6594.png,7,370,4,6959,276
IMG_6596.png,7,382,3,7092,266
IMG_6597.png,7,319,2,3897,211
IMG_6598.png,7,370,5,5078,250
IMG_6599.png,7,324,4,4032,208
IMG_6600.png,7,388,4,5575,233
IMG_6601.png,7,386,2,6076,233
IMG_6602.png,7,273,1,3498,193
IMG_6603.png,7,290,4,5639,196
IMG_6604.png,7,350,4,4399,230
IMG_6605.png,7,383,5,5912,248
IMG_6606.png,7,325,2,4123,200
IMG_6607.png,7,476,4,7987,296
IMG_6608.png,7,381,3,6674,238
IMG_6609.png,7,351,2,4516,226
IMG_6610.png,7,336,3,3991,226
IMG_6611.png,7,426,3,6570,244
IMG_6612.png,7,403,3,6125,304
IMG_6613.png,7,301,2,1955,217
IMG_6614.png,7,446,1,8290,282
IMG_6615.png,7,520,2,10029,372
IMG_6616.png,7,538,1,7648,368
IMG_6617.png,7,393,4,6695,282
IMG_6618.png,7,358,4,4853,233
IMG_6619.png,7,365,3,4303,222
IMG_6620.png,7,313,2,3367,212
IMG_6621.png,7,432,3,5438,214
IMG_6622.png,7,358,4,5682,191
IMG_6623.png,7,452,5,8062,297
IMG_6624.png,7,515,4,9086,312
IMG_6625.png,7,495,4,8330,290
IMG_6626.png,7,443,2,6448,260
IMG_6627.png,7,394,1,6405,255
IMG_6628.png,7,437,2,6719,274
IMG_6629.png,7,368,6,6062,242
IMG_6630.png,7,450,3,4075,207
IMG_6631.png,7,367,1,5459,219
IMG_6632.png,7,432,2,4594,235
IMG_6633.png,7,456,3,5555,229
IMG_6634.png,7,429,4,6006,259
IMG_6635.png,7,333,2,6078,229
IMG_6636.png,7,410,2,3779,211
IMG_6637.png,7,346,2,3174,203
IMG_6638.png,7,369,2,4117,256
IMG_6639.png,7,302,2,3312,157
IMG_6640.png,7,342,2,2534,203
IMG_6641.png,7,390,3,5168,253
IMG_6642.png,7,314,2,3270,186
IMG_6643.png,7,405,3,4846,272
IMG_6644.png,7,390,4,5730,269
IMG_6645.png,7,359,3,5498,211
IMG_6646.png,7,410,2,7600,261
IMG_6647.png,7,257,3,2583,183
IMG_6648.png,7,455,6,9045,379
IMG_6649.png,7,321,3,4438,194
IMG_6650.png,7,446,7,8210,316
IMG_6651.png,7,384,4,5666,261
IMG_6652.png,7,364,6,8730,239
IMG_6653.png,7,371,3,4059,220
IMG_6654.png,7,559,7,9246,343
IMG_6655.png,7,487,6,7085,302
IMG_6656.png,7,437,4,8771,270
IMG_6657.png,7,436,3,7859,289
IMG_6658.png,7,355,2,5477,182
IMG_6659.png,7,297,3,4588,206
IMG_6680.png,8,415,5,5500,213
IMG_6681.png,8,433,4,4413,237
IMG_6682.png,8,387,4,4766,247
IMG_6683.png,8,424,2,3819,242
IMG_6684.png,8,478,3,5358,232
IMG_6685.png,8,426,2,4876,232
IMG_6686.png,8,615,3,6685,361
IMG_6687.png,8,412,2,4034,214
IMG_6688.png,8,340,1,3559,222
IMG_6689.png,8,394,2,5507,220
IMG_6690.png,8,432,3,5123,213
IMG_6691.png,8,389,3,5733,216
IMG_6692.png,8,446,2,6433,232
IMG_6693.png,8,441,3,8397,291
IMG_6694.png,8,346,2,4011,192
IMG_6695.png,8,456,3,7748,284
IMG_6696.png,8,413,2,6297,242
IMG_6697.png,8,428,2,7217,273
IMG_6698.png,8,364,3,6877,221
IMG_6699.png,8,431,3,3941,207
IMG_6700.png,8,415,4,5833,225
IMG_6701.png,8,416,3,6170,242
IMG_6702.png,8,443,2,5615,230
IMG_6703.png,8,487,3,6149,227
IMG_6704.png,8,438,3,6204,213
IMG_6705.png,8,400,5,7125,277
IMG_6706.png,8,463,3,6487,261
IMG_6707.png,8,481,1,7461,285
IMG_6708.png,8,645,1,9590,412
IMG_6709.png,8,483,1,6952,316
IMG_6710.png,8,485,3,4920,216
IMG_6711.png,8,373,4,5847,218
IMG_6712.png,8,370,2,6231,187
IMG_6713.png,8,435,1,6330,221
IMG_6714.png,8,289,2,3432,145
IMG_6715.png,8,344,2,4444,168
IMG_6716.png,8,332,2,4409,181
IMG_6717.png,8,300,2,4602,184
IMG_6718.png,8,326,2,4385,188
IMG_6719.png,8,358,2,5273,207
IMG_6720.png,8,359,3,5494,219
IMG_6721.png,8,429,3,5552,226
IMG_6722.png,8,442,3,5962,204
IMG_6723.png,8,396,5,7186,214
IMG_6724.png,8,474,4,9133,266
IMG_6725.png,8,461,2,8255,252
IMG_6726.png,8,447,2,8101,236
IMG_6727.png,8,339,4,5849,222
IMG_6728.png,8,459,2,6474,246
IMG_6729.png,8,451,1,7109,281
IMG_6730.png,8,382,2,6212,240
IMG_6731.png,8,308,2,3255,200
IMG_6732.png,8,468,2,6418,263
IMG_6733.png,8,399,2,5261,221
IMG_6734.png,8,434,2,4712,211
IMG_6735.png,8,423,4,4784,212
IMG_6736.png,8,458,4,6627,248
IMG_6737.png,8,435,5,5319,269
IMG_6738.png,8,484,3,6566,282
IMG_6739.png,8,454,2,5986,296
IMG_6740.png,8,427,2,5840,291
IMG_6741.png,8,475,3,6009,264
IMG_6742.png,8,411,3,6521,274
IMG_6743.png,8,422,2,7339,298
IMG_6744.png,8,463,3,8558,272
IMG_6745.png,8,440,3,6285,292
IMG_6746.png,8,399,4,6074,214
IMG_6747.png,8,421,5,6073,231
IMG_6748.png,8,458,5,6818,250
IMG_6749.png,8,408,5,5737,213
IMG_6750.png,8,501,2,8098,269
IMG_6751.png,8,389,1,6860,247
IMG_6752.png,8,476,2,6601,273
IMG_6753.png,8,374,4,4132,207
IMG_6754.png,8,347,4,4280,234
IMG_6755.png,8,409,4,6523,275
IMG_6756.png,8,459,6,8843,324
IMG_6757.png,8,509,5,7189,221
IMG_6758.png,8,368,4,4478,202
IMG_6759.png,8,461,4,8267,291
IMG_6760.png,8,532,5,8469,318
IMG_6762.png,8,461,4,8199,284
IMG_6763.png,8,492,2,7137,313
IMG_6764.png,8,468,1,7932,264
IMG_6765.png,8,508,2,6900,274
IMG_6766.png,8,390,3,7254,224
IMG_6767.png,8,427,3,6839,201
IMG_6768.png,8,419,2,5187,221
IMG_6769.png,8,547,5,10156,363
IMG_6770.png,8,460,2,7803,285
IMG_6771.png,8,398,3,6479,243
IMG_6772.png,8,456,5,6127,287
IMG_6773.png,8,503,3,8979,354
IMG_6774.png,8,476,4,6686,288
IMG_6775.png,8,522,3,8931,322
IMG_6776.png,8,407,4,7782,296
IMG_6777.png,8,493,4,7078,291
IMG_6778.png,8,554,5,12023,423
IMG_6779.png,8,472,4,8787,374
IMG_6780.png,8,428,4,9281,350
IMG_6781.png,8,404,2,8261,305
IMG_6782.png,8,547,5,11151,366
IMG_6783.png,8,602,3,10722,336
IMG_6784.png,8,579,3,11327,370
IMG_6785.png,8,526,6,9553,381
IMG_6786.png,8,332,2,3241,274
IMG_6787.png,8,388,3,4098,280
IMG_6788.png,8,404,2,3230,271
IMG_6789.png,8,306,3,3954,255
IMG_6790.png,8,355,3,3508,239
IMG_6791.png,8,435,5,5962,245
IMG_6792.png,8,515,6,9332,391
IMG_6793.png,8,517,5,8486,326
IMG_6794.png,8,486,3,9227,327
IMG_6795.png,8,498,5,8795,309
IMG_6796.png,8,536,4,9025,400
IMG_6797.png,8,440,3,5729,280
IMG_6798.png,8,373,2,3065,185
IMG_6799.png,8,447,4,7741,279
IMG_6800.png,8,421,1,4941,278
IMG_6801.png,8,554,3,12319,443
IMG_6802.png,8,541,5,11494,472
IMG_6803.png,8,528,4,8611,336
IMG_6804.png,8,499,4,8462,310
IMG_6805.png,8,360,1,4109,250
IMG_6806.png,8,369,4,5468,263
IMG_6807.png,8,422,5,6863,236
IMG_6808.png,8,566,5,11464,405
IMG_6809.png,8,618,5,11265,469
IMG_6810.png,8,504,3,9162,390
IMG_6811.png,8,702,1,19731,719
IMG_6812.png,8,631,2,12910,432
IMG_6813.png,8,639,2,13619,452
IMG_6814.png,8,602,2,12966,422
IMG_6815.png,8,688,2,15075,541
IMG_6816.png,8,501,4,8757,360
IMG_6817.png,8,574,2,13792,498
IMG_6818.png,8,581,4,14012,453
IMG_6819.png,8,755,7,18476,697
IMG_6820.png,8,464,4,7410,321
IMG_6821.png,8,548,2,12350,446
IMG_6822.png,8,377,3,7471,242
IMG_6823.png,8,501,1,9895,360
IMG_6824.png,8,714,3,17601,612
IMG_6834.png,9,691,3,17830,589
IMG_6835.png,9,631,2,12464,473
IMG_6836.png,9,581,3,11126,462
IMG_6837.png,9,590,3,10452,378
IMG_6838.png,9,663,1,12817,425
IMG_6839.png,9,678,5,14803,501
IMG_6840.png,9,637,4,14141,505
IMG_6841.png,9,562,4,9211,368
IMG_6842.png,9,537,3,8643,331
IMG_6843.png,9,574,4,11335,397
IMG_6844.png,9,542,4,9586,358
IMG_6845.png,9,531,4,9989,371
IMG_6846.png,9,476,3,8298,322
IMG_6848.png,9,520,3,5768,279
IMG_6850.png,10,571,3,5646,313
IMG_6851.png,10,568,3,9200,309
IMG_6852.png,10,580,6,7504,316
IMG_6853.png,10,643,5,7004,342
IMG_6854.png,10,604,5,7398,333
IMG_6855.png,10,563,6,8636,342
IMG_6857.png,10,634,5,7480,350
IMG_6858.png,10,435,3,6981,267
IMG_6859.png,10,779,2,11461,457
IMG_6860.png,10,607,5,11327,395
IMG_6861.png,10,738,5,12463,433
IMG_6862.png,10,684,3,12606,377
IMG_6863.png,10,645,5,9219,337
IMG_6864.png,10,816,3,10988,422
IMG_6865.png,10,704,5,10700,394
IMG_6866.png,10,691,5,11545,428
IMG_6867.png,10,641,1,13271,423
IMG_6868.png,10,766,2,17110,554
IMG_6869.png,10,653,1,16499,497
IMG_6870.png,10,672,3,13759,467
IMG_6871.png,10,663,2,14267,453
IMG_6872.png,10,598,4,9519,377
IMG_6873.png,10,633,3,11601,365
IMG_6874.png,10,523,5,7910,324
IMG_6875.png,10,537,5,7309,318
IMG_6876.png,10,565,6,8718,353
IMG_6877.png,10,563,7,8963,378
IMG_6878.png,10,593,2,9018,347
IMG_6879.png,10,618,4,9564,363
IMG_6880.png,10,592,4,10525,376
IMG_6881.png,10,599,4,9129,360
IMG_6882.png,10,691,4,10993,394
IMG_6883.png,10,698,5,12038,412
IMG_6884.png,10,662,2,7342,358
IMG_6885.png,10,735,2,10675,460
IMG_6886.png,10,664,5,10967,410
IMG_6887.png,10,626,3,8864,332
IMG_6888.png,10,651,6,8847,381
IMG_6889.png,10,641,5,9665,402
IMG_6890.png,10,600,1,9110,353
IMG_6891.png,10,614,2,10244,368
IMG_6892.png,10,598,5,9514,360
IMG_6893.png,10,594,6,10930,389
IMG_6935.png,11,663,5,8515,369
IMG_6936.png,11,626,4,6602,347
IMG_6937.png,11,647,5,9933,357
IMG_6938.png,11,602,4,9025,344
IMG_6939.png,11,603,4,10503,338
IMG_6940.png,11,871,5,16226,535
IMG_6941.png,11,834,4,15809,507
IMG_6942.png,11,648,4,9776,389
IMG_6943.png,11,676,2,9975,437
IMG_6944.png,11,629,3,8705,341
IMG_6945.png,11,706,3,10661,357
IMG_6946.png,11,697,3,10384,350
IMG_6947.png,11,589,1,8642,332
IMG_6948.png,11,617,3,8115,323
IMG_6949.png,11,663,3,8168,340
IMG_6950.png,11,582,4,6276,354
IMG_6951.png,11,562,4,6668,324
IMG_6952.png,11,621,4,9141,330
IMG_6953.png,11,595,4,9091,326
IMG_6954.png,11,587,5,6358,307
IMG_6955.png,11,669,6,8584,326
IMG_6956.png,11,639,4,8188,319
IMG_6957.png,11,621,5,7670,296
IMG_6958.png,11,694,5,10049,381
IMG_6959.png,11,879,3,14452,456
IMG_6960.png,11,622,2,10227,328
IMG_6961.png,11,586,6,6840,380
IMG_6962.png,11,676,4,8288,403
IMG_6963.png,11,504,4,5797,298
IMG_6964.png,11,447,4,5735,283
IMG_6965.png,11,465,3,4339,284
IMG_6966.png,11,484,3,4383,325
IMG_6967.png,11,463,4,4264,282
IMG_6968.png,11,501,4,4162,295
IMG_6969.png,11,508,4,4558,322
IMG_6970.png,11,526,4,4427,336
IMG_6971.png,11,566,3,3702,301
IMG_6972.png,11,613,4,5136,294
IMG_6973.png,11,630,5,8023,343
IMG_6974.png,12,680,4,4027,273
IMG_6975.png,12,823,7,13404,467
IMG_6976.png,12,920,5,17024,562
IMG_6977.png,12,812,3,12832,506
IMG_6978.png,12,649,5,10009,381
IMG_6979.png,12,671,3,9752,439
IMG_6980.png,12,833,4,12076,394
IMG_6981.png,12,673,3,7494,315
IMG_6982.png,12,762,3,10302,416
IMG_6983.png,12,626,5,7609,285
IMG_6984.png,12,739,6,10821,394
IMG_6985.png,12,747,1,12615,394
IMG_6986.png,12,727,3,10995,361
IMG_6987.png,12,723,3,9304,339
IMG_6988.png,12,616,4,7424,317
IMG_6989.png,12,641,5,9061,353
IMG_6990.png,12,626,7,9441,385
IMG_6991.png,12,656,6,8257,356
IMG_6992.png,12,638,8,9926,384
IMG_6993.png,12,638,7,8678,379
IMG_6994.png,12,616,6,6150,321
IMG_6995.png,12,493,4,5166,322
IMG_6996.png,12,518,5,5721,301
IMG_6997.png,12,549,6,8079,312
IMG_6998.png,12,565,4,7235,322
IMG_6999.png,12,531,3,9192,333
IMG_7001.png,12,640,3,10244,326
IMG_7002.png,12,633,2,8460,347
IMG_7003.png,12,634,2,5487,341
IMG_7004.png,12,666,4,8505,344
IMG_7005.png,12,700,3,8216,340
IMG_7006.png,12,659,5,9542,339
IMG_7007.png,12,620,3,5806,302
IMG_7008.png,12,608,5,7237,320
IMG_7009.png,12,645,4,8773,359
IMG_7010.png,12,653,6,7733,340
IMG_7011.png,12,666,5,8791,371
IMG_7012.png,12,641,1,9678,358
IMG_7013.png,12,647,5,9399,378
IMG_7014.png,12,660,6,6173,314
IMG_7015.png,12,709,3,9916,406
IMG_7016.png,12,665,3,9985,361
IMG_7017.png,12,722,5,9058,340
IMG_7018.png,12,614,4,7335,290
IMG_7019.png,12,708,4,10543,369
IMG_7020.png,12,730,5,9286,480
IMG_7021.png,12,706,7,8601,324
IMG_7022.png,12,699,3,9634,324
IMG_7023.png,12,558,4,5020,294
IMG_7024.png,12,679,3,7846,367
IMG_7025.png,12,715,6,10259,404
IMG_7026.png,12,647,6,9088,332
IMG_7027.png,12,708,8,8485,358
IMG_7028.png,12,660,5,10408,400
IMG_7029.png,12,615,4,10904,370
IMG_7030.png,12,638,6,9340,344
IMG_7031.png,12,623,5,8709,339
IMG_7032.png,12,619,5,8019,343
IMG_7033.png,12,739,5,8342,370
IMG_7034.png,12,735,3,11405,412
IMG_7035.png,12,643,4,9791,330
IMG_7036.png,12,766,1,9113,390
IMG_7037.png,12,593,2,5090,306
IMG_7038.png,12,655,4,8639,371
IMG_7039.png,12,659,4,8761,354
IMG_7040.png,12,778,4,10667,383
IMG_7041.png,12,697,5,7754,342
IMG_7042.png,12,754,2,10892,460
IMG_7043.png,12,675,4,9791,369
IMG_7044.png,12,828,3,11945,522
IMG_7045.png,12,639,2,10756,388
IMG_7046.png,12,589,5,8696,385
IMG_7047.png,12,612,1,7798,364
IMG_7048.png,12,716,3,9998,380
IMG_7049.png,12,620,4,10559,363
IMG_7050.png,12,600,1,8890,367
IMG_7051.png,12,688,3,10117,394
IMG_7052.png,12,666,4,9518,372
IMG_7053.png,12,716,2,10871,409
IMG_7054.png,12,571,5,8030,321
IMG_7055.png,12,500,6,6786,265
IMG_7056.png,12,590,2,8233,341
IMG_7057.png,12,620,6,8941,389
IMG_7058.png,12,661,4,9366,347
IMG_7059.png,12,689,4,10491,344
IMG_7060.png,12,757,2,11399,397
IMG_7061.png,12,773,6,11774,399
IMG_7062.png,12,704,3,9960,390
IMG_7063.png,12,728,4,9107,393
IMG_7064.png,12,676,3,9531,411
IMG_7065.png,12,741,5,8944,365
IMG_7066.png,12,699,5,10423,444
IMG_7067.png,12,668,3,11990,459
IMG_7068.png,12,702,3,10319,464
IMG_7069.png,12,722,3,9948,402
IMG_7070.png,12,665,2,7789,324
IMG_7071.png,12,599,3,8605,312
IMG_7072.png,12,626,2,6489,317
IMG_7073.png,12,721,4,10213,371
IMG_7074.png,12,633,3,9779,340
IMG_7075.png,12,698,3,10547,400
IMG_7076.png,12,654,4,10367,359
IMG_7077.png,12,581,3,10977,335
IMG_7078.png,12,583,2,11038,357
IMG_7079.png,12,699,4,10266,369
IMG_7080.png,12,613,3,10014,372
IMG_7081.png,12,649,2,10484,364
IMG_7082.png,12,652,1,5470,325
IMG_7083.png,12,627,1,6781,333
IMG_7084.png,12,652,2,7627,375
IMG_7120.png,13,952,6,12939,448
IMG_7121.png,13,848,9,10882,427
IMG_7122.png,13,703,5,7150,376
IMG_7123.png,13,1021,2,15540,545
IMG_7124.png,13,1027,2,14589,505
IMG_7126.png,13,1010,4,15637,529
IMG_7127.png,13,927,2,13810,484
IMG_7128.png,13,874,4,11062,469
IMG_7129.png,13,756,5,11822,430
IMG_7130.png,13,720,5,11449,416
IMG_7143.png,14,917,5,13253,430
IMG_7144.png,14,780,1,10567,425
IMG_7145.png,14,778,4,11535,430
IMG_7146.png,14,812,3,11269,425
IMG_7147.png,14,723,5,9857,363
IMG_7148.png,14,844,7,13533,441
IMG_7149.png,14,739,3,8930,394
IMG_7150.png,14,678,3,10424,426
IMG_7151.png,14,821,5,9724,407
IMG_7152.png,14,806,4,12419,489
IMG_7153.png,14,870,5,10405,399
IMG_7154.png,14,813,6,9709,394
IMG_7155.png,14,753,5,9864,381
IMG_7156.png,14,742,2,10664,362
IMG_7157.png,14,751,4,8512,348
IMG_7158.png,14,831,6,11318,375
IMG_7159.png,14,821,3,10337,374
IMG_7160.png,14,737,4,10079,385
IMG_7161.png,14,652,3,7008,274
IMG_7162.png,14,606,2,8470,340
IMG_7163.png,14,771,4,8903,388
IMG_7164.png,14,703,3,8316,372
IMG_7165.png,14,707,2,9292,385
IMG_7166.png,14,832,6,11767,402
IMG_7167.png,14,815,2,9545,426
IMG_7168.png,14,781,4,10207,407
IMG_7169.png,14,706,2,10120,398
IMG_7170.png,14,757,2,11558,412
IMG_7171.png,14,728,8,9822,440
IMG_7172.png,14,860,8,12358,517
IMG_7173.png,14,857,9,13252,464
IMG_7174.png,14,994,8,11532,522
IMG_7175.png,14,767,7,8801,393
IMG_7176.png,14,958,7,11677,459
IMG_7177.png,14,879,4,10472,446
IMG_7178.png,14,921,2,10600,402
IMG_7179.png,14,1094,3,16982,554
IMG_7180.png,14,925,2,13002,463
IMG_7181.png,14,907,3,13753,449
IMG_7182.png,14,725,4,9474,372
IMG_7183.png,14,804,4,11454,407
IMG_7184.png,14,776,2,9885,418
IMG_7185.png,14,901,5,11708,431
IMG_7186.png,14,759,2,9245,386
IMG_7187.png,14,716,4,8435,376
IMG_7188.png,14,730,4,5805,382
IMG_7189.png,14,727,6,6740,382
IMG_7190.png,14,710,2,3724,397
IMG_7191.png,14,699,1,2901,393
IMG_7192.png,14,758,5,6365,392
IMG_7193.png,14,698,3,4578,349
IMG_7194.png,14,816,6,9737,400
IMG_7195.png,14,818,4,10111,371
IMG_7196.png,14,731,2,9619,368
IMG_7197.png,14,783,4,10274,369
IMG_7198.png,14,832,3,10802,386
IMG_7199.png,14,770,2,9469,417
IMG_7200.png,14,845,4,9915,410
IMG_7201.png,14,701,2,7870,325
IMG_7202.png,14,666,3,6412,363
IMG_7203.png,14,727,3,7262,329
IMG_7204.png,14,676,4,7007,315
IMG_7205.png,14,613,1,8246,324
IMG_7206.png,14,643,2,8070,338
IMG_7207.png,14,620,2,7926,283
IMG_7209.png,0,0,0,0,1
IMG_7210.png,0,0,0,0,0
IMG_7211.png,0,0,0,0,0
IMG_7212.png,0,0,0,0,0
IMG_7213.png,0,0,0,0,0
IMG_7214.png,0,0,0,0,0
IMG_7215.png,0,0,0,0,0
IMG_7216.png,0,0,0,0,0
IMG_7217.png,0,0,0,0,0
IMG_7218.png,0,0,0,0,0
IMG_7219.png,0,0,0,0,0
IMG_7220.png,0,0,0,0,0
IMG_7221.png,0,0,0,0,0
IMG_7222.png,0,0,0,0,0
IMG_7223.png,0,0,0,0,0
IMG_7224.png,0,0,0,0,0
IMG_7225.png,0,0,0,0,0
IMG_7226.png,0,0,0,0,0
IMG_7227.png,0,0,0,0,0
IMG_7228.png,0,0,0,0,0
IMG_7229.png,0,0,0,0,0
IMG_7230.png,0,0,0,0,0
IMG_7231.png,0,0,0,0,0
IMG_7232.png,0,0,0,0,0
IMG_7233.png,0,0,0,0,0
IMG_7234.png,0,0,0,0,0
IMG_7235.png,0,0,0,0,0
IMG_7236.png,0,0,0,0,0
IMG_7237.png,0,0,0,0,0
IMG_7238.png,0,0,0,0,0
IMG_7239.png,0,0,0,0,0
IMG_7240.png,0,0,0,0,0
IMG_7241.png,0,0,0,0,0
IMG_7242.png,0,0,0,0,0
IMG_7243.png,0,0,0,0,0
IMG_7244.png,0,0,0,0,0
IMG_7245.png,0,0,0,0,0
IMG_7246.png,0,0,0,0,0
IMG_7247.png,0,0,0,0,0
IMG_7248.png,0,0,0,0,0
IMG_7249.png,0,0,0,0,0
IMG_7250.png,0,0,0,0,0
IMG_7251.png,0,0,0,0,0
IMG_7252.png,0,0,0,0,0
IMG_7253.png,0,0,0,0,0
IMG_7254.png,0,0,0,0,0
IMG_7255.png,0,0,0,0,0
IMG_7256.png,0,0,0,0,0
IMG_7257.png,0,0,0,0,0
IMG_7258.png,0,0,0,0,0
IMG_7259.png,0,0,0,0,0
IMG_7260.png,0,0,0,0,0
IMG_7261.png,0,0,0,0,0
IMG_7262.png,0,0,0,0,0
IMG_7263.png,0,0,0,0,0
IMG_7264.png,0,0,0,0,0
IMG_7265.png,0,0,0,0,0
IMG_7266.png,0,0,0,0,0
IMG_7267.png,0,0,0,0,0
IMG_7268.png,0,0,0,0,0
IMG_7269.png,0,0,0,0,0
IMG_7270.png,0,0,0,0,0
IMG_7271.png,0,0,0,0,0
IMG_7272.png,0,0,0,0,0
IMG_7273.png,0,0,0,0,0
IMG_7274.png,0,0,0,0,0
IMG_7275.png,0,0,0,0,0
IMG_7276.png,0,0,0,0,0
IMG_7277.png,0,0,0,0,0
IMG_7278.png,0,0,0,0,0
IMG_7279.png,0,0,0,0,0
IMG_7292.png,0,0,0,0,0
IMG_7293.png,0,0,0,0,1
IMG_7294.png,0,0,0,0,0
IMG_7295.png,0,0,0,0,0
IMG_7296.png,0,0,0,0,0
IMG_7297.png,0,0,0,0,0
IMG_7298.png,0,0,0,0,0
IMG_7299.png,0,0,0,0,0
IMG_7300.png,0,0,0,0,0
IMG_7301.png,0,0,0,0,0
IMG_7302.png,0,0,0,0,0
IMG_7303.png,0,0,0,0,0
IMG_7304.png,0,0,0,0,0
IMG_7305.png,0,0,0,0,0
IMG_7306.png,0,0,0,0,0
IMG_7307.png,0,0,0,0,0
IMG_7308.png,0,0,0,0,0
IMG_7309.png,0,0,0,0,0
IMG_7310.png,0,0,0,0,0
IMG_7311.png,0,0,0,0,0
IMG_7312.png,0,0,0,0,0
IMG_7313.png,0,0,0,0,0
IMG_7314.png,0,0,0,0,0
IMG_7315.png,0,0,0,0,0
IMG_7316.png,0,0,0,0,0
IMG_7317.png,0,0,0,0,2
IMG_7318.png,0,0,0,0,0
IMG_7319.png,0,0,0,0,0
IMG_7320.png,0,0,0,0,0
IMG_7321.png,0,0,0,0,0
IMG_7322.png,0,0,0,0,0
IMG_7323.png,0,0,0,0,0
IMG_7324.png,0,0,0,0,0
IMG_7325.png,0,0,0,0,0
IMG_7326.png,0,0,0,0,0
IMG_7327.png,0,0,0,0,0
IMG_7328.png,0,0,0,0,0
IMG_7329.png,0,0,0,0,0
IMG_7330.png,0,0,0,0,0
IMG_7331.png,0,0,0,0,0
IMG_7332.png,0,0,0,0,0
IMG_7333.png,0,0,0,0,0
IMG_7334.png,0,0,0,0,0
IMG_7335.png,0,0,0,0,0
IMG_7336.png,0,0,0,0,0
IMG_7337.png,0,0,0,0,0
IMG_7338.png,0,0,0,0,0
IMG_7344.png,0,0,0,0,2
IMG_7345.png,0,0,0,0,2
IMG_7346.png,0,0,0,0,0
IMG_7347.png,0,0,0,0,0
IMG_7348.png,0,0,0,0,0
