file,label,Lines,Contours Colour,Contours Size Colour
IMG_4064.png,9,235,8,20269
IMG_4070.png,9,225,8,25076
IMG_4058.png,9,244,8,26813
IMG_3723.png,6,103,4,10509
IMG_3910.png,3,104,2,17860
IMG_3904.png,3,84,4,8005
IMG_3938.png,6,202,6,10848
IMG_4110.png,6,189,5,16843
IMG_4104.png,6,126,6,12807
IMG_3643.png,3,45,3,8104
IMG_3657.png,2,38,1,2774
IMG_4138.png,4,51,4,5083
IMG_3864.png,9,211,5,8482
IMG_3870.png,7,177,3,5330
IMG_3858.png,9,216,4,24776
IMG_3680.png,9,214,7,16439
IMG_3694.png,5,152,5,17061
IMG_3695.png,4,88,5,10778
IMG_3681.png,7,225,6,15399
IMG_3859.png,9,196,6,8526
IMG_3871.png,7,125,6,28826
IMG_3865.png,9,228,3,8127
IMG_4139.png,4,37,4,4574
IMG_3656.png,1,38,1,809
IMG_3642.png,3,74,3,7362
IMG_4105.png,6,236,6,18871
IMG_4111.png,6,132,5,12570
IMG_3939.png,6,150,4,7938
IMG_3905.png,3,110,1,3138
IMG_3911.png,11,235,8,17206
IMG_3722.png,6,190,6,15623
IMG_4059.png,9,202,8,19876
IMG_4071.png,8,152,5,12183
IMG_4065.png,9,277,8,27312
IMG_4073.png,8,243,6,22492
IMG_4067.png,9,412,9,32585
IMG_3708.png,10,199,8,18836
IMG_3720.png,7,157,5,12160
IMG_3907.png,2,98,3,3456
IMG_3913.png,11,210,11,17211
IMG_4098.png,7,210,5,15626
IMG_3668.png,4,104,4,11354
IMG_4107.png,6,153,5,12263
IMG_3654.png,1,40,1,6025
IMG_3640.png,3,113,3,11340
IMG_3898.png,3,209,4,9392
IMG_3873.png,7,169,5,7345
IMG_3697.png,2,32,1,5335
IMG_3683.png,7,145,4,11479
IMG_3696.png,2,42,2,5849
IMG_3872.png,7,116,4,18091
IMG_3899.png,3,121,4,7085
IMG_3641.png,3,100,3,9329
IMG_3655.png,1,44,1,5807
IMG_4112.png,6,225,5,28346
IMG_4106.png,6,123,5,13739
IMG_4099.png,7,286,6,25179
IMG_3912.png,11,285,12,22927
IMG_3906.png,3,155,1,1493
IMG_3721.png,7,223,5,18465
IMG_3709.png,6,134,4,9472
IMG_4066.png,9,338,8,30185
IMG_4072.png,8,252,6,25370
IMG_3725.png,5,135,4,14463
IMG_3731.png,5,155,5,14807
IMG_3719.png,7,142,5,12876
IMG_4076.png,8,188,6,24619
IMG_4062.png,9,174,8,17317
IMG_4089.png,7,289,7,34101
IMG_3902.png,3,88,4,6825
IMG_3916.png,11,386,8,27367
IMG_3651.png,1,41,2,5540
IMG_3889.png,5,138,5,12907
IMG_3645.png,3,80,4,10316
IMG_4102.png,6,101,5,10575
IMG_4116.png,6,303,5,23315
IMG_3679.png,9,209,7,15464
IMG_3692.png,5,160,4,16120
IMG_3876.png,7,163,3,7027
IMG_3862.png,9,238,5,9514
IMG_3863.png,9,176,3,7084
IMG_3877.png,7,203,6,23964
IMG_3687.png,6,110,6,9921
IMG_3693.png,5,151,5,17433
IMG_3678.png,8,167,6,13083
IMG_4117.png,6,412,6,35605
IMG_4103.png,6,198,5,22815
IMG_3644.png,3,53,4,8270
IMG_3650.png,6,122,5,11312
IMG_3917.png,11,341,12,27048
IMG_3903.png,3,103,3,5293
IMG_4088.png,7,198,6,19533
IMG_4063.png,9,189,8,18417
IMG_4077.png,8,242,6,27503
IMG_3718.png,7,137,5,10873
IMG_3724.png,5,153,4,16956
IMG_3726.png,5,190,4,15437
IMG_4049.png,10,240,9,20925
IMG_4061.png,9,218,9,19261
IMG_4075.png,8,108,5,13594
IMG_3929.png,10,227,9,16799
IMG_3915.png,11,258,10,19132
IMG_3901.png,3,102,4,6674
IMG_4129.png,5,163,4,22014
IMG_3646.png,3,111,3,11771
IMG_3652.png,1,29,1,3662
IMG_4115.png,6,169,6,16926
IMG_4101.png,6,257,5,20620
IMG_3685.png,5,111,5,10879
IMG_3849.png,7,149,5,8474
IMG_3691.png,5,160,4,14717
IMG_3861.png,9,225,7,13752
IMG_3875.png,7,172,5,7404
IMG_3874.png,7,170,8,10700
IMG_3860.png,9,243,7,9904
IMG_3690.png,5,144,5,17925
IMG_3848.png,11,276,7,11866
IMG_3684.png,5,109,5,11036
IMG_4100.png,7,238,6,19207
IMG_4114.png,6,294,7,31785
IMG_3653.png,1,39,1,5146
IMG_3647.png,3,85,4,11033
IMG_4128.png,5,117,4,20345
IMG_3900.png,3,99,3,6077
IMG_3928.png,10,259,10,15783
IMG_4074.png,8,164,8,17693
IMG_4060.png,9,219,8,21969
IMG_4048.png,10,227,9,21123
IMG_3727.png,5,214,5,16433
IMG_4007.png,13,327,11,24200
IMG_3967.png,2,87,4,40998
IMG_3797.png,9,194,8,10584
IMG_4205.png,1,29,1,3090
IMG_4211.png,0,0,0,0
IMG_4173.png,3,47,3,5612
IMG_3608.png,9,185,6,13899
IMG_4167.png,3,128,4,9756
IMG_3620.png,9,202,6,13201
IMG_3634.png,3,66,2,5273
IMG_3807.png,5,100,1,2343
IMG_3813.png,3,216,3,11424
IMG_4198.png,2,51,2,4911
IMG_4199.png,2,100,2,6031
IMG_3812.png,3,70,4,7328
IMG_3806.png,9,142,4,5609
IMG_3635.png,3,54,2,4358
IMG_3621.png,9,186,6,12902
IMG_4166.png,3,22,1,1261
IMG_3609.png,9,171,6,11659
IMG_4172.png,3,89,3,11160
IMG_4210.png,0,0,0,0
IMG_4204.png,1,34,1,5230
IMG_3796.png,9,126,3,4728
IMG_3966.png,2,232,2,96366
IMG_3972.png,10,309,14,32482
IMG_3999.png,13,336,11,26775
IMG_4010.png,12,275,10,23410
IMG_4004.png,13,357,10,24435
IMG_4038.png,10,159,10,14158
IMG_3964.png,3,206,5,22719
IMG_3970.png,10,320,9,16565
IMG_3958.png,3,436,7,45142
IMG_4212.png,0,0,0,0
IMG_4206.png,1,11,1,3049
IMG_4164.png,3,238,4,19285
IMG_4170.png,3,65,3,4412
IMG_3637.png,3,72,2,6509
IMG_4158.png,3,51,3,8992
IMG_3623.png,6,153,5,11601
IMG_3810.png,5,119,2,3463
IMG_3838.png,6,114,8,14557
IMG_3839.png,6,110,6,8652
IMG_3805.png,8,102,3,5690
IMG_3811.png,3,27,3,4006
IMG_3622.png,6,121,5,10555
IMG_4159.png,3,22,3,4427
IMG_3636.png,3,59,2,4599
IMG_4171.png,3,58,3,5625
IMG_4165.png,3,87,3,9107
IMG_4207.png,1,31,1,3886
IMG_4213.png,0,0,0,0
IMG_3795.png,9,113,4,5661
IMG_3959.png,5,287,8,31226
IMG_3971.png,10,349,10,21552
IMG_3965.png,2,498,4,61665
IMG_4039.png,10,208,7,13474
IMG_4005.png,13,326,10,25643
IMG_4011.png,12,353,10,33586
IMG_4029.png,11,184,9,16411
IMG_4015.png,12,348,11,28942
IMG_4001.png,13,327,13,26573
IMG_3791.png,9,184,6,8619
IMG_3949.png,4,107,3,7508
IMG_3961.png,4,305,8,27338
IMG_3975.png,14,381,10,37127
IMG_4217.png,0,39,1,7208
IMG_4203.png,1,21,1,2482
IMG_3632.png,6,99,4,8131
IMG_4149.png,4,193,4,18380
IMG_3626.png,6,170,5,15884
IMG_4161.png,3,102,3,14906
IMG_4175.png,3,87,3,10019
IMG_3829.png,4,175,6,13961
IMG_3815.png,5,201,4,5128
IMG_3801.png,9,149,4,5983
IMG_3800.png,9,154,5,7899
IMG_3814.png,3,80,4,10240
IMG_3828.png,4,107,5,9291
IMG_4174.png,3,62,3,5695
IMG_4160.png,3,36,2,2845
IMG_3627.png,6,202,5,19993
IMG_4148.png,4,119,4,9781
IMG_3633.png,3,76,2,6310
IMG_4202.png,2,46,2,5931
IMG_4216.png,0,0,0,0
IMG_3960.png,5,374,7,35752
IMG_3948.png,4,140,3,6907
IMG_3790.png,9,227,4,10829
IMG_4014.png,12,309,9,27252
IMG_4028.png,11,145,6,10619
IMG_3989.png,14,215,8,17569
IMG_4002.png,13,256,10,23001
IMG_4016.png,12,226,7,16164
IMG_3792.png,9,187,4,6807
IMG_3976.png,13,313,10,34627
IMG_3962.png,4,341,6,74655
IMG_4200.png,2,44,1,4785
IMG_4214.png,0,0,0,0
IMG_3625.png,6,172,5,16810
IMG_3631.png,6,131,5,11904
IMG_4176.png,3,41,3,5137
IMG_3619.png,9,198,6,13445
IMG_4162.png,3,85,3,11527
IMG_4189.png,2,81,2,10883
IMG_3802.png,9,188,5,7920
IMG_3816.png,5,132,3,5918
IMG_3817.png,5,149,4,11424
IMG_3803.png,9,138,4,6819
IMG_4188.png,2,18,2,2272
IMG_4163.png,3,94,4,6173
IMG_3618.png,9,194,6,13579
IMG_4177.png,3,52,2,5667
IMG_3630.png,6,229,5,24164
IMG_3624.png,6,120,5,11252
IMG_4215.png,0,0,0,0
IMG_4201.png,2,33,2,3715
IMG_3963.png,3,254,5,45066
IMG_3977.png,13,415,10,37334
IMG_3793.png,9,151,6,10038
IMG_4017.png,12,224,10,20054
IMG_4003.png,13,326,8,28199
IMG_3988.png,13,184,6,15276
IMG_3991.png,14,352,8,29580
IMG_4026.png,11,148,7,11973
IMG_3985.png,12,181,9,15316
IMG_4032.png,11,223,8,17393
IMG_3952.png,3,88,3,3635
IMG_3946.png,5,122,4,6281
IMG_4224.png,3,119,3,8422
IMG_4218.png,0,5,1,2410
IMG_4152.png,4,104,3,9707
IMG_3629.png,6,224,5,23234
IMG_4146.png,4,73,4,8329
IMG_3615.png,9,167,5,8697
IMG_3826.png,2,48,2,6126
IMG_4191.png,2,30,2,3798
IMG_3832.png,4,284,3,6720
IMG_4185.png,2,121,4,15963
IMG_4184.png,2,66,2,6877
IMG_3833.png,4,251,7,14081
IMG_4190.png,2,104,2,12372
IMG_3827.png,3,81,3,7868
IMG_3614.png,9,198,6,13301
IMG_4147.png,4,155,4,15231
IMG_3628.png,6,211,5,21473
IMG_4153.png,4,91,4,8756
IMG_4219.png,0,5,1,2060
IMG_4225.png,3,118,3,6809
IMG_3947.png,4,122,2,3601
IMG_3953.png,3,162,5,9907
IMG_4033.png,11,171,8,14653
IMG_3984.png,14,232,10,17253
IMG_4027.png,11,135,7,11287
IMG_3990.png,14,323,9,29655
IMG_3986.png,13,172,11,16285
IMG_4031.png,11,184,10,15014
IMG_3992.png,14,293,11,26182
IMG_4025.png,11,206,7,15559
IMG_4019.png,12,188,10,17356
IMG_3945.png,5,153,4,8628
IMG_3789.png,9,279,6,12656
IMG_3951.png,4,89,4,6845
IMG_3979.png,14,316,10,20931
IMG_4145.png,4,69,4,6268
IMG_4151.png,4,286,4,26109
IMG_3616.png,9,167,5,9437
IMG_4179.png,3,98,3,16236
IMG_3831.png,4,127,5,11587
IMG_4186.png,2,34,2,2992
IMG_3825.png,1,72,2,7559
IMG_4192.png,2,240,2,19656
IMG_3819.png,5,181,3,2994
IMG_3818.png,5,161,5,6449
IMG_4193.png,2,70,2,5799
IMG_3824.png,1,56,0,0
IMG_4187.png,2,53,2,6349
IMG_3830.png,4,251,5,12888
IMG_4178.png,3,66,3,7197
IMG_3617.png,8,199,5,13384
IMG_4150.png,4,167,5,15911
IMG_4144.png,4,218,4,21615
IMG_4226.png,3,72,3,8385
IMG_3978.png,13,357,8,34452
IMG_3950.png,4,121,3,7492
IMG_3788.png,9,318,7,16300
IMG_3944.png,5,162,3,7445
IMG_4018.png,12,207,10,17983
IMG_4024.png,11,220,7,16680
IMG_3993.png,13,289,11,26650
IMG_4030.png,11,198,8,13750
IMG_3987.png,13,217,9,18140
IMG_4008.png,12,324,12,25300
IMG_4034.png,11,170,7,14033
IMG_3997.png,13,362,12,26553
IMG_4020.png,11,194,7,14810
IMG_3968.png,2,90,5,17650
IMG_3798.png,9,157,4,6375
IMG_3940.png,6,196,3,12196
IMG_3954.png,3,295,5,10891
IMG_4222.png,3,72,3,6453
IMG_3613.png,9,247,6,15656
IMG_4168.png,3,53,3,4672
IMG_4140.png,4,113,4,16267
IMG_4154.png,4,200,4,22485
IMG_3808.png,5,105,1,1923
IMG_3834.png,5,189,4,9986
IMG_4183.png,2,16,2,2471
IMG_3820.png,0,0,0,0
IMG_4197.png,2,26,1,2590
IMG_4196.png,2,46,2,5174
IMG_3821.png,0,1,0,0
IMG_4182.png,2,58,2,7940
IMG_3809.png,5,122,2,3687
IMG_4155.png,3,59,3,5167
IMG_4141.png,4,96,4,13517
IMG_4169.png,3,140,4,10878
IMG_3612.png,9,303,7,18190
IMG_4223.png,3,109,3,7632
IMG_3955.png,3,298,5,14173
IMG_3941.png,6,351,10,60997
IMG_3799.png,9,202,5,34675
IMG_3969.png,10,314,10,31880
IMG_4021.png,10,273,9,17419
IMG_3996.png,13,364,12,28561
IMG_4035.png,11,164,8,14458
IMG_3982.png,14,160,11,17257
IMG_4009.png,12,362,8,27540
IMG_3994.png,13,328,10,28167
IMG_4023.png,11,254,10,19308
IMG_3980.png,14,252,10,17494
IMG_4037.png,11,153,10,13846
IMG_3957.png,4,459,7,21015
IMG_3943.png,5,175,5,11309
IMG_4209.png,0,0,0,0
IMG_4221.png,3,41,4,7480
IMG_3610.png,9,212,8,17887
IMG_4157.png,3,190,3,19897
IMG_3638.png,3,75,2,6175
IMG_4143.png,4,149,4,13008
IMG_3823.png,0,0,0,0
IMG_4194.png,2,101,2,9368
IMG_3837.png,6,133,7,22335
IMG_4180.png,2,55,2,8654
IMG_4181.png,2,18,2,2627
IMG_3836.png,6,115,7,11495
IMG_4195.png,2,97,2,8776
IMG_3822.png,0,0,0,0
IMG_4142.png,4,44,4,4869
IMG_3639.png,3,107,3,11291
IMG_4156.png,3,173,3,21846
IMG_3611.png,9,273,8,19008
IMG_4220.png,0,28,1,4314
IMG_4208.png,1,21,1,2978
IMG_3942.png,10,230,4,8315
IMG_3956.png,4,337,7,24455
IMG_4036.png,11,115,9,11765
IMG_3981.png,14,216,12,18213
IMG_4022.png,11,230,10,18622
IMG_3995.png,13,335,11,32160
IMG_4045.png,10,191,5,15419
IMG_4051.png,10,300,10,32457
IMG_4079.png,8,247,8,25149
IMG_3716.png,9,201,6,17678
IMG_3702.png,5,89,3,9069
IMG_4086.png,7,240,7,18541
IMG_3931.png,10,252,9,12679
IMG_4092.png,7,234,5,20977
IMG_3925.png,10,284,7,11816
IMG_3919.png,11,259,12,18808
IMG_4131.png,5,249,6,21565
IMG_3886.png,5,187,5,10862
IMG_4125.png,5,226,5,23763
IMG_3892.png,4,163,5,16065
IMG_3676.png,6,168,5,11058
IMG_4119.png,6,129,5,11040
IMG_3845.png,11,236,6,10397
IMG_3851.png,10,273,7,13660
IMG_3689.png,5,150,5,16796
IMG_3879.png,6,154,7,11064
IMG_3878.png,8,148,8,12184
IMG_3688.png,6,174,7,18030
IMG_3850.png,10,295,6,14949
IMG_3844.png,11,245,10,15001
IMG_4118.png,6,254,5,22152
IMG_3677.png,8,161,6,12682
IMG_3663.png,2,47,1,3736
IMG_3893.png,4,105,3,5410
IMG_4124.png,5,160,4,14140
IMG_3887.png,5,154,4,10631
IMG_4130.png,5,201,5,21226
IMG_3918.png,11,274,7,23251
IMG_3924.png,11,296,7,14795
IMG_4093.png,7,218,5,18256
IMG_3930.png,10,292,9,14881
IMG_4087.png,7,284,6,23692
IMG_3703.png,9,238,5,16195
IMG_3717.png,9,216,6,17655
IMG_4078.png,8,152,7,11362
IMG_4050.png,10,415,10,33725
IMG_4044.png,10,255,9,17451
IMG_4052.png,10,229,9,18908
IMG_4046.png,10,244,7,20819
IMG_3701.png,5,103,3,8869
IMG_3715.png,10,211,7,18460
IMG_4091.png,7,284,6,24816
IMG_3926.png,10,167,5,7602
IMG_4085.png,7,174,5,12552
IMG_3932.png,10,258,8,16536
IMG_3649.png,6,118,5,11852
IMG_4126.png,5,182,5,14552
IMG_3891.png,4,186,5,8361
IMG_4132.png,5,177,5,14665
IMG_3885.png,5,196,8,21482
IMG_3675.png,6,219,5,13195
IMG_3661.png,2,30,0,0
IMG_3852.png,10,273,8,13609
IMG_3846.png,10,201,5,9046
IMG_3847.png,11,260,9,16766
IMG_3853.png,10,271,4,11213
IMG_3660.png,2,40,1,1298
IMG_3674.png,6,230,5,19629
IMG_3884.png,5,128,4,7965
IMG_4133.png,5,261,7,25403
IMG_4127.png,5,61,4,8439
IMG_3648.png,3,76,4,8939
IMG_3933.png,10,208,8,10183
IMG_4084.png,8,214,5,15833
IMG_3927.png,10,236,8,11172
IMG_4090.png,7,148,7,14004
IMG_3714.png,10,211,7,18503
IMG_3700.png,2,55,2,6046
IMG_3728.png,5,96,4,10503
IMG_4047.png,10,204,5,14908
IMG_4053.png,10,306,8,22327
IMG_3704.png,9,238,5,19293
IMG_3710.png,6,124,4,10320
IMG_4057.png,9,160,8,13813
IMG_4043.png,10,253,9,22057
IMG_4094.png,7,401,5,38739
IMG_3923.png,11,246,9,10827
IMG_4080.png,8,226,7,23725
IMG_3670.png,6,175,6,13316
IMG_3664.png,4,87,4,8571
IMG_4123.png,5,119,4,15977
IMG_3894.png,4,107,2,4218
IMG_4137.png,4,128,4,14684
IMG_3658.png,2,27,1,3084
IMG_3880.png,6,289,6,15460
IMG_3857.png,9,253,4,8607
IMG_3843.png,11,312,6,18099
IMG_3842.png,11,322,6,16609
IMG_3856.png,9,232,6,11594
IMG_3881.png,6,167,6,11913
IMG_3659.png,2,39,1,4185
IMG_4136.png,5,118,5,9859
IMG_3895.png,4,148,5,8637
IMG_4122.png,5,122,4,12851
IMG_3665.png,4,99,5,11898
IMG_3671.png,6,181,4,13841
IMG_3936.png,6,119,3,4818
IMG_4081.png,8,246,7,19888
IMG_3922.png,11,268,4,6938
IMG_4042.png,10,282,9,22616
IMG_4056.png,9,263,9,20572
IMG_3711.png,4,78,4,9893
IMG_3705.png,9,275,5,18218
IMG_3713.png,4,110,2,5600
IMG_3707.png,10,192,8,17210
IMG_4068.png,9,162,9,13928
IMG_4040.png,10,196,10,14068
IMG_4054.png,9,368,9,32784
IMG_3908.png,2,971,2,5239
IMG_4083.png,8,166,5,12043
IMG_3934.png,10,208,9,26874
IMG_4097.png,7,349,4,24934
IMG_3920.png,11,274,11,13865
IMG_4108.png,6,243,5,22941
IMG_3667.png,4,119,5,14984
IMG_3673.png,6,211,5,18192
IMG_4134.png,5,288,6,24685
IMG_3883.png,5,119,4,8087
IMG_4120.png,5,171,5,15585
IMG_3897.png,3,101,3,6112
IMG_3868.png,9,200,3,6794
IMG_3840.png,9,121,4,7663
IMG_3698.png,8,219,6,17700
IMG_3854.png,10,204,4,16162
IMG_3855.png,10,301,7,14505
IMG_3699.png,8,208,6,17049
IMG_3841.png,11,323,6,17424
IMG_3869.png,9,154,5,7431
IMG_3896.png,4,113,6,9225
IMG_4121.png,5,153,4,14768
IMG_3882.png,5,127,6,12569
IMG_4135.png,5,361,6,33621
IMG_3672.png,6,221,5,18678
IMG_3666.png,4,87,5,11979
IMG_4109.png,6,188,6,22324
IMG_3921.png,11,283,11,17189
IMG_4096.png,7,175,7,19263
IMG_3935.png,6,122,6,8709
IMG_4082.png,8,174,7,13011
IMG_3909.png,2,96,2,3102
IMG_4055.png,10,263,10,22074
IMG_4041.png,10,274,10,29774
IMG_4069.png,9,232,9,26063
IMG_3706.png,9,278,5,20829
IMG_3712.png,3,82,3,6979
IMG_4474.png,7,152,7,14274
IMG_4460.png,7,215,7,19969
IMG_4448.png,7,140,7,14342
IMG_4449.png,7,164,6,15822
IMG_4461.png,7,194,7,19011
IMG_4475.png,7,146,7,13736
IMG_4463.png,7,131,7,12009
IMG_4477.png,7,140,7,13092
IMG_4488.png,7,152,7,16796
IMG_4489.png,7,177,7,17062
IMG_4476.png,7,151,7,13180
IMG_4462.png,7,96,7,8814
IMG_4466.png,7,137,7,12415
IMG_4472.png,7,162,6,13657
IMG_4473.png,7,149,7,13866
IMG_4467.png,7,114,7,12133
IMG_4459.png,7,159,7,16034
IMG_4471.png,7,137,6,14608
IMG_4464.png,7,150,7,12599
IMG_4470.png,7,162,7,15826
IMG_4458.png,7,152,7,16880
IMG_4417.png,8,115,8,12315
IMG_4403.png,8,205,8,19821
IMG_4402.png,8,198,8,20146
IMG_4416.png,8,139,8,13126
IMG_4400.png,8,194,8,18964
IMG_4414.png,8,120,8,12265
IMG_4428.png,8,164,8,15921
IMG_4399.png,8,191,8,18263
IMG_4398.png,8,168,8,18746
IMG_4429.png,8,147,8,14791
IMG_4415.png,8,119,8,12439
IMG_4401.png,8,204,8,20005
IMG_4439.png,7,128,7,12087
IMG_4405.png,8,207,8,20085
IMG_4411.png,8,94,7,9458
IMG_4410.png,8,102,7,10566
IMG_4404.png,8,201,8,20643
IMG_4438.png,7,131,7,13926
IMG_4412.png,8,95,7,8892
IMG_4406.png,8,197,8,20738
IMG_4407.png,8,191,8,20120
IMG_4413.png,8,86,8,9222
IMG_4436.png,7,152,7,16263
IMG_4422.png,8,149,7,17776
IMG_4423.png,8,151,8,16913
IMG_4437.png,7,173,7,17600
IMG_4421.png,8,178,7,16638
IMG_4435.png,7,187,7,17284
IMG_4409.png,8,109,8,10064
IMG_4408.png,8,187,8,18524
IMG_4434.png,7,182,7,16721
IMG_4420.png,8,133,8,12741
IMG_4418.png,8,113,8,13140
IMG_4424.png,8,124,8,15984
IMG_4430.png,7,147,7,16067
IMG_4395.png,8,171,8,16748
IMG_4431.png,7,177,7,17416
IMG_4425.png,8,188,8,20622
IMG_4419.png,8,164,8,13079
IMG_4433.png,7,170,7,17196
IMG_4427.png,8,148,8,17116
IMG_4396.png,8,169,8,18877
IMG_4397.png,8,199,8,21041
IMG_4426.png,8,167,8,19659
IMG_4432.png,7,168,7,17225
IMG_4455.png,7,140,7,18796
IMG_4441.png,7,153,7,16090
IMG_4469.png,7,145,7,15833
IMG_4482.png,7,227,7,19714
IMG_4483.png,7,257,7,20114
IMG_4468.png,7,138,7,13029
IMG_4440.png,7,141,7,12535
IMG_4454.png,7,160,7,17291
IMG_4442.png,7,151,7,15514
IMG_4456.png,7,171,7,18981
IMG_4481.png,7,224,6,20323
IMG_4480.png,7,213,7,20766
IMG_4457.png,7,211,7,21692
IMG_4443.png,7,160,7,15678
IMG_4447.png,7,156,7,15854
IMG_4453.png,7,172,7,16818
IMG_4484.png,7,175,7,18190
IMG_4490.png,7,169,7,16576
IMG_4491.png,7,157,7,13192
IMG_4485.png,7,148,7,16619
IMG_4452.png,7,152,7,15315
IMG_4478.png,7,159,7,15028
IMG_4450.png,7,162,7,15623
IMG_4444.png,7,146,7,16073
IMG_4493.png,7,167,7,13906
IMG_4487.png,7,170,7,15875
IMG_4486.png,7,154,6,16670
IMG_4492.png,7,148,7,13287
IMG_4445.png,7,162,7,16164
IMG_4451.png,7,215,7,19963
IMG_4479.png,7,152,7,14759
IMG_4501.png,6,165,6,18415
IMG_4502.png,6,196,6,18822
IMG_4503.png,6,185,6,18589
IMG_4504.png,6,169,6,18762
IMG_4505.png,6,163,6,17616
IMG_4506.png,6,163,6,18150
IMG_4507.png,6,156,6,18373
IMG_4508.png,6,180,6,18300
IMG_4509.png,6,197,6,18694
IMG_4510.png,6,192,6,17979
IMG_4511.png,6,199,6,17283
IMG_4512.png,6,188,6,17677
IMG_4513.png,6,200,6,18637
IMG_4514.png,6,181,6,17717
IMG_4515.png,6,227,6,21210
IMG_4516.png,6,221,6,20933
IMG_4517.png,6,208,6,18426
IMG_4518.png,6,220,6,19684
IMG_4519.png,6,278,6,27201
IMG_4520.png,6,252,6,24621
IMG_4521.png,6,242,6,23730
IMG_4522.png,6,243,7,24677
IMG_4523.png,6,252,6,23834
IMG_4524.png,6,257,6,23348
IMG_4525.png,6,250,6,24305
IMG_4526.png,6,248,6,23451
IMG_4527.png,6,247,6,21600
IMG_4528.png,6,223,6,20005
IMG_4529.png,6,219,6,20289
IMG_4530.png,6,197,6,17747
IMG_4531.png,6,219,6,17354
IMG_4532.png,6,185,6,14222
IMG_4533.png,6,162,6,14074
IMG_4534.png,6,136,6,12580
IMG_4535.png,6,159,6,13671
IMG_4536.png,6,151,6,13904
IMG_4537.png,6,205,6,18530
IMG_4538.png,6,180,6,14854
IMG_4539.png,6,226,6,21648
IMG_4540.png,6,244,6,22496
IMG_4541.png,6,207,6,21714
IMG_4542.png,6,207,6,17241
IMG_4543.png,6,253,6,25272
IMG_4544.png,6,159,6,14878
IMG_4545.png,6,118,6,10399
IMG_4546.png,6,117,6,9840
IMG_4547.png,6,121,6,10468
IMG_4548.png,6,136,6,10236
IMG_4549.png,6,139,6,10116
IMG_4550.png,6,153,6,11145
IMG_4551.png,6,137,6,10876
IMG_4552.png,6,207,6,18840
IMG_4554.png,6,201,6,18294
IMG_4555.png,6,171,6,17070
IMG_4556.png,6,167,6,16855
IMG_4557.png,6,182,6,14298
IMG_4558.png,6,178,6,14805
IMG_4559.png,6,189,6,17037
IMG_4560.png,6,186,6,17517
IMG_4562.png,6,187,6,18269
IMG_4563.png,6,227,7,18948
IMG_4564.png,6,201,7,19237
IMG_4565.png,6,197,6,18713
IMG_4566.png,6,189,6,17689
IMG_4567.png,6,192,6,18228
IMG_4568.png,6,173,6,16475
IMG_4569.png,6,197,6,18557
IMG_4570.png,6,198,6,19142
IMG_4571.png,7,163,6,16852
IMG_4572.png,6,231,6,19750
IMG_4573.png,6,180,6,18071
IMG_4574.png,6,252,6,20490
IMG_4575.png,6,226,6,17250
IMG_4576.png,6,222,6,21086
IMG_4577.png,6,175,6,15741
IMG_4578.png,6,184,5,16616
IMG_4579.png,6,172,6,16601
IMG_4580.png,6,179,6,16957
IMG_4581.png,6,135,6,13666
IMG_4582.png,6,156,6,12734
IMG_4583.png,6,171,6,16296
IMG_4584.png,6,183,7,16474
IMG_4585.png,6,169,6,17128
IMG_4586.png,6,118,6,13046
IMG_4587.png,6,133,6,13649
IMG_4588.png,6,154,6,13313
IMG_4589.png,6,172,6,14573
IMG_4590.png,6,165,6,15045
IMG_4591.png,6,151,6,13529
IMG_4592.png,6,152,6,13776
IMG_4593.png,6,140,6,14595
IMG_4594.png,6,157,6,14002
IMG_4595.png,6,138,6,14504
IMG_4596.png,6,158,6,16266
IMG_4597.png,6,150,6,13845
IMG_4598.png,6,161,6,16585
IMG_4599.png,6,136,6,12500
IMG_4600.png,6,146,6,14478
IMG_4601.png,6,116,6,10189
IMG_4602.png,6,145,6,12192
IMG_4603.png,6,156,6,13203
IMG_4604.png,6,190,6,19135
IMG_4605.png,6,172,7,16944
IMG_4606.png,6,185,7,19540
IMG_4607.png,6,190,7,19840
IMG_4608.png,6,158,6,16044
IMG_4609.png,6,183,7,18865
IMG_4610.png,6,176,6,16412
IMG_4611.png,6,245,6,22299
IMG_4612.png,6,216,6,21224
IMG_4613.png,6,239,6,18677
IMG_4614.png,6,195,7,18717
IMG_4615.png,6,242,6,20332
IMG_4616.png,6,190,5,18443
IMG_4617.png,6,198,6,17841
IMG_4618.png,6,199,5,17350
IMG_4619.png,6,213,6,19027
IMG_4620.png,6,222,6,19427
IMG_4621.png,6,208,5,19649
IMG_4622.png,6,213,6,17658
IMG_4623.png,6,242,7,21382
IMG_4624.png,6,197,6,18329
IMG_4625.png,6,186,7,18499
IMG_4626.png,6,133,5,12283
IMG_4627.png,6,154,5,12924
IMG_4628.png,5,201,5,22530
IMG_4629.png,5,219,5,20062
IMG_4630.png,5,182,6,18075
IMG_4631.png,5,201,5,18486
IMG_4632.png,5,184,5,17721
IMG_4633.png,5,192,5,19015
IMG_4634.png,5,166,5,18369
IMG_4635.png,5,185,5,17179
IMG_4636.png,5,166,5,18173
IMG_4637.png,5,173,5,19308
IMG_4638.png,5,195,6,18967
IMG_4639.png,5,187,5,16626
IMG_4640.png,5,170,5,16137
IMG_4641.png,5,188,5,17448
IMG_4642.png,5,203,5,17258
IMG_4643.png,5,174,5,16279
IMG_4644.png,5,178,5,16270
IMG_4645.png,5,195,5,17394
IMG_4646.png,5,202,5,17541
IMG_4647.png,5,198,5,18074
IMG_4648.png,5,210,5,18817
IMG_4649.png,5,155,5,13792
IMG_4650.png,5,197,5,14612
IMG_4651.png,5,201,5,14575
IMG_4652.png,5,174,5,14432
IMG_4653.png,5,174,5,14584
IMG_4654.png,5,146,6,11986
IMG_4655.png,5,158,6,14252
IMG_4657.png,5,186,6,15986
IMG_4658.png,5,144,6,13764
IMG_4659.png,5,166,6,17830
IMG_4660.png,5,157,6,16910
IMG_4661.png,5,160,6,17287
IMG_4662.png,5,169,6,16529
IMG_4663.png,5,127,6,14102
IMG_4664.png,5,145,5,15185
IMG_4665.png,5,155,5,16215
IMG_4666.png,5,142,5,16067
IMG_4667.png,5,187,5,19580
IMG_4668.png,5,204,5,20311
IMG_4669.png,5,166,6,16104
IMG_4670.png,5,168,5,16302
IMG_4671.png,5,151,5,16734
IMG_4672.png,5,149,5,15774
IMG_4673.png,5,127,5,14358
IMG_4674.png,5,156,5,14376
IMG_4675.png,5,164,5,15532
IMG_4676.png,5,151,6,15789
IMG_4677.png,5,169,5,16120
IMG_4678.png,5,161,5,16387
IMG_4680.png,5,166,5,16392
IMG_4681.png,5,82,5,7588
IMG_4682.png,5,186,6,18780
IMG_4683.png,5,167,6,18190
IMG_4684.png,5,126,5,16638
IMG_4685.png,5,160,5,15377
IMG_4686.png,5,134,5,13617
IMG_4687.png,5,141,5,14641
IMG_4688.png,5,125,5,10872
IMG_4689.png,5,126,5,14223
IMG_4690.png,5,171,5,14455
IMG_4691.png,5,188,6,13148
IMG_4692.png,5,146,5,14448
IMG_4693.png,5,131,5,12134
IMG_4694.png,5,158,5,13109
IMG_4695.png,5,204,5,15667
IMG_4696.png,5,169,5,13304
IMG_4697.png,5,154,5,14051
IMG_4698.png,5,160,5,14171
IMG_4699.png,5,171,6,15277
IMG_4700.png,5,173,6,14996
IMG_4701.png,5,152,6,14574
IMG_4703.png,5,151,6,13013
IMG_4704.png,5,234,6,19468
IMG_4705.png,5,248,6,19450
IMG_4706.png,5,203,6,20268
IMG_4707.png,5,213,6,19584
IMG_4708.png,5,203,5,20540
IMG_4709.png,5,212,6,19799
IMG_4710.png,5,201,6,18224
IMG_4711.png,5,206,6,18679
IMG_4712.png,5,239,5,19508
IMG_4713.png,5,171,5,16295
IMG_4714.png,5,254,5,18140
IMG_4715.png,5,188,6,17097
IMG_4716.png,5,203,5,19454
IMG_4717.png,5,196,5,15128
IMG_4718.png,5,152,5,14640
IMG_4719.png,5,169,5,16348
IMG_4720.png,5,172,5,14000
IMG_4721.png,5,177,5,14129
IMG_4722.png,5,161,5,14809
IMG_4723.png,5,156,5,14181
IMG_4724.png,5,151,5,13149
IMG_4725.png,5,147,5,13759
IMG_4726.png,5,159,5,13523
IMG_4727.png,5,146,5,13132
IMG_4728.png,5,131,5,12480
IMG_4729.png,5,149,5,13508
IMG_4730.png,5,94,5,11537
IMG_4731.png,5,115,5,10792
IMG_4732.png,5,125,5,11737
IMG_4733.png,5,126,5,11361
IMG_4734.png,5,110,5,10795
IMG_4735.png,5,112,5,11131
IMG_4736.png,5,106,5,11361
IMG_4737.png,5,129,5,11447
IMG_4738.png,5,111,5,11455
IMG_4742.png,5,113,5,12417
IMG_4745.png,5,111,5,12254
IMG_4746.png,5,127,5,12838
IMG_4747.png,5,201,5,17627
IMG_4748.png,5,181,5,17653
IMG_4749.png,5,164,5,16022
IMG_4750.png,5,157,5,16814
IMG_4751.png,5,146,5,15003
IMG_4752.png,5,131,5,13795
IMG_4753.png,5,116,5,11248
IMG_4755.png,5,96,5,9729
IMG_4756.png,5,68,5,9281
IMG_4757.png,5,106,5,11390
IMG_4758.png,5,115,5,12660
IMG_4759.png,5,114,5,12626
IMG_4760.png,5,124,5,10660
IMG_4761.png,5,121,5,11832
IMG_4762.png,5,113,5,11073
IMG_4763.png,5,102,5,11661
IMG_4764.png,5,131,5,12159
IMG_4765.png,5,121,5,11997
IMG_4766.png,5,122,5,11748
IMG_4767.png,5,129,5,12173
IMG_4768.png,5,126,5,11444
IMG_4769.png,5,138,5,11313
IMG_4770.png,5,154,5,11540
IMG_4771.png,5,127,6,12908
IMG_4772.png,5,132,6,12278
IMG_4773.png,5,87,5,9743
IMG_4774.png,5,115,5,13179
IMG_4775.png,5,134,5,13180
IMG_4776.png,5,134,5,12899
IMG_4777.png,5,121,5,12221
IMG_4778.png,5,129,5,13434
IMG_4779.png,5,123,4,10994
IMG_4780.png,4,121,4,11328
IMG_4781.png,4,109,4,11842
IMG_4782.png,4,118,4,11307
IMG_4783.png,4,137,4,11404
IMG_4784.png,4,126,4,11036
IMG_4785.png,4,124,4,11480
IMG_4786.png,4,119,4,11228
IMG_4787.png,4,120,4,10774
IMG_4788.png,4,127,4,10607
IMG_4789.png,4,123,4,10554
IMG_4790.png,4,119,4,10732
IMG_4791.png,4,135,4,12522
IMG_4792.png,4,178,4,17657
IMG_4793.png,4,177,4,14106
IMG_4794.png,4,127,4,10775
IMG_4795.png,4,79,4,7196
IMG_4796.png,4,192,4,14967
IMG_4797.png,4,121,4,9164
IMG_4798.png,4,106,4,10528
IMG_4799.png,4,112,4,10756
IMG_4800.png,4,121,4,11019
IMG_4801.png,4,110,4,10742
IMG_4803.png,4,108,4,11103
IMG_4804.png,4,127,4,10530
IMG_4805.png,4,130,4,11468
IMG_4806.png,4,115,4,11110
IMG_4807.png,4,124,4,11301
IMG_4808.png,4,112,4,10765
IMG_4809.png,4,154,4,14091
IMG_4810.png,4,138,4,12768
IMG_4811.png,4,130,4,12383
IMG_4814.png,4,142,4,13173
IMG_4815.png,4,112,4,12147
IMG_4816.png,4,110,4,11555
IMG_4817.png,4,136,4,11507
IMG_4819.png,4,120,4,11528
IMG_4820.png,4,112,4,11632
IMG_4821.png,4,131,4,11717
IMG_4822.png,4,138,4,11868
IMG_4823.png,4,128,4,11760
IMG_4824.png,4,129,4,11724
IMG_4825.png,4,135,4,11232
IMG_4826.png,4,103,4,9241
IMG_4827.png,4,123,4,11767
IMG_4828.png,4,153,4,14868
IMG_4829.png,4,150,4,15888
IMG_4831.png,4,168,4,13125
IMG_4832.png,4,101,4,9537
IMG_4833.png,4,112,4,10969
IMG_4834.png,4,143,4,13318
IMG_4835.png,4,151,4,12707
IMG_4836.png,4,115,4,12104
IMG_4838.png,4,154,4,14531
IMG_4839.png,4,137,4,14025
IMG_4840.png,4,152,4,14094
IMG_4841.png,4,148,4,14557
IMG_4842.png,4,143,4,15066
IMG_4843.png,4,125,4,14095
IMG_4844.png,4,115,4,12607
IMG_4845.png,4,116,4,11417
IMG_4846.png,4,135,4,10709
IMG_4847.png,4,117,4,9850
IMG_4848.png,4,109,4,10332
IMG_4849.png,4,150,4,15265
IMG_4850.png,4,102,4,10692
IMG_4851.png,4,103,4,10084
IMG_4852.png,4,130,4,10126
IMG_4853.png,4,85,4,8192
IMG_4854.png,4,87,4,8533
IMG_4855.png,4,98,4,9035
IMG_4856.png,4,98,4,8887
IMG_4857.png,4,82,4,7978
IMG_4858.png,4,94,4,8887
IMG_4859.png,4,167,4,13003
IMG_4860.png,4,139,4,11859
IMG_4861.png,4,94,4,10376
IMG_4862.png,4,106,4,10418
IMG_4863.png,4,114,4,9519
IMG_4864.png,4,167,4,13288
IMG_4865.png,4,158,4,13028
IMG_4866.png,4,175,4,15727
IMG_4867.png,4,177,4,17404
IMG_4868.png,4,197,4,18106
IMG_4869.png,4,209,4,19241
IMG_4870.png,4,173,4,15083
IMG_4871.png,4,154,4,14330
IMG_4872.png,4,166,4,15122
IMG_4873.png,4,147,4,16046
IMG_4874.png,4,144,4,13443
IMG_4875.png,4,122,4,12089
IMG_4876.png,4,149,4,13452
IMG_4877.png,4,162,4,12759
IMG_4878.png,4,118,4,10529
IMG_4879.png,4,99,4,10854
IMG_4880.png,4,97,4,10631
IMG_4881.png,4,105,4,10817
IMG_4882.png,4,108,4,10194
IMG_4883.png,4,117,4,11084
IMG_4884.png,4,93,4,9425
IMG_4885.png,4,128,4,12700
IMG_4886.png,4,127,4,11352
IMG_4887.png,4,116,4,10113
IMG_4888.png,4,122,4,11941
IMG_4889.png,4,188,4,18523
IMG_4890.png,4,163,4,13892
IMG_4891.png,4,162,4,13626
IMG_4892.png,4,179,4,15167
IMG_4893.png,4,123,4,10491
IMG_4894.png,4,130,4,13168
IMG_4895.png,4,108,4,10419
IMG_4896.png,4,131,4,11068
IMG_4897.png,4,120,4,10077
IMG_4898.png,4,143,4,13802
IMG_4899.png,4,158,4,13781
IMG_4900.png,4,141,4,13434
IMG_4901.png,4,113,4,12481
IMG_4902.png,4,140,4,12595
IMG_4903.png,4,133,4,12167
IMG_4904.png,4,142,4,10119
IMG_4905.png,4,162,4,13835
IMG_4906.png,4,147,4,12853
IMG_4907.png,4,148,4,12925
IMG_4908.png,4,132,4,13887
IMG_4909.png,4,120,4,13309
IMG_4910.png,4,198,4,21187
IMG_4911.png,4,203,4,20019
IMG_4912.png,4,185,4,18826
IMG_4913.png,4,203,4,20011
IMG_4914.png,4,195,4,17728
IMG_4915.png,4,185,4,19764
IMG_4917.png,4,185,4,17996
IMG_4918.png,4,146,4,13881
IMG_4919.png,4,144,4,13683
IMG_4920.png,3,89,3,9261
IMG_4921.png,3,158,3,14708
IMG_4922.png,3,99,3,11149
IMG_4923.png,3,97,3,10216
IMG_4924.png,3,71,3,9794
IMG_4925.png,3,67,3,9802
IMG_4926.png,3,71,3,9731
IMG_4927.png,3,76,3,9909
IMG_4928.png,3,56,3,9105
IMG_4929.png,3,60,3,8190
IMG_4930.png,3,98,3,9804
IMG_4931.png,3,85,3,10268
IMG_4932.png,3,89,3,9603
IMG_4933.png,3,81,3,9815
IMG_4934.png,3,92,3,9908
IMG_4935.png,3,86,3,10322
IMG_4936.png,3,93,3,10839
IMG_4938.png,3,98,3,10672
IMG_4939.png,3,93,3,10636
IMG_4941.png,3,96,3,9433
IMG_4942.png,3,80,3,7710
IMG_4943.png,3,74,3,9443
IMG_4944.png,3,72,3,10211
IMG_4945.png,3,96,3,10862
IMG_4946.png,3,85,3,8555
IMG_4947.png,2,108,2,10488
IMG_4948.png,2,72,2,8181
IMG_4949.png,2,59,2,7214
IMG_4950.png,2,60,2,6901
IMG_4951.png,2,114,2,15373
IMG_4952.png,2,148,2,13928
IMG_4953.png,2,96,2,11434
IMG_4954.png,2,43,2,4892
IMG_4955.png,2,34,2,3655
IMG_4956.png,2,103,2,11007
IMG_4957.png,2,82,2,9714
IMG_4958.png,2,81,2,9406
IMG_4959.png,2,60,2,7425
IMG_4960.png,2,83,2,8235
IMG_4961.png,2,78,2,7173
IMG_4962.png,2,67,2,7080
IMG_4963.png,2,85,2,8213
IMG_4964.png,2,113,2,11877
IMG_4965.png,2,87,2,9108
IMG_4966.png,2,92,2,9041
IMG_4967.png,2,47,2,6718
IMG_4968.png,2,105,2,10082
IMG_4969.png,2,114,2,10390
IMG_4970.png,2,92,2,10897
IMG_4971.png,2,84,2,10384
IMG_4972.png,2,76,2,7979
IMG_4973.png,2,49,2,6107
IMG_4974.png,2,77,2,7321
IMG_4975.png,2,91,2,10371
IMG_4976.png,2,88,2,10707
IMG_4977.png,2,79,2,8964
IMG_4978.png,2,76,2,7136
IMG_4979.png,2,90,2,8665
IMG_4980.png,2,134,2,14407
IMG_4981.png,2,101,2,10169
IMG_4982.png,2,39,2,6243
IMG_4983.png,2,37,2,7285
IMG_4984.png,2,29,2,5830
IMG_4985.png,2,39,2,6161
IMG_4986.png,2,37,2,6511
IMG_4987.png,2,34,2,5277
IMG_4988.png,2,35,2,5438
IMG_4989.png,2,47,2,7357
IMG_4990.png,2,85,2,8650
IMG_4991.png,2,78,2,8919
IMG_4992.png,2,71,2,8339
IMG_4994.png,2,176,2,19801
IMG_4995.png,2,145,2,14843
IMG_4996.png,2,93,2,12450
IMG_4997.png,2,68,2,10640
IMG_4998.png,2,90,2,11165
IMG_4999.png,2,86,2,13358
IMG_5001.png,2,101,2,13514
IMG_5002.png,2,101,2,13676
IMG_5003.png,2,90,2,10990
IMG_5004.png,2,89,2,10772
IMG_5005.png,2,114,2,11408
IMG_5006.png,2,120,2,11078
IMG_5007.png,2,92,2,7173
IMG_5008.png,2,82,2,10606
IMG_5009.png,2,136,2,11830
IMG_5010.png,2,131,2,14257
IMG_5011.png,2,118,2,13977
IMG_5012.png,2,62,2,8451
IMG_5013.png,2,98,2,12048
IMG_5014.png,2,105,2,12184
IMG_5015.png,2,57,2,5544
IMG_5016.png,2,53,2,6584
IMG_5017.png,2,56,2,7005
IMG_5018.png,2,64,2,7243
IMG_5019.png,2,84,2,8677
IMG_5020.png,2,72,2,7943
IMG_5021.png,2,63,2,7720
IMG_5022.png,2,72,2,7537
IMG_5023.png,1,22,1,3242
IMG_5024.png,1,28,1,3609
IMG_5025.png,1,31,1,3502
IMG_5026.png,1,10,1,2438
IMG_5028.png,1,37,1,5136
IMG_5029.png,1,61,2,10563
IMG_5030.png,1,55,1,7140
IMG_5031.png,1,119,1,12152
IMG_5032.png,1,131,1,12419
IMG_5033.png,1,124,1,11162
IMG_5034.png,1,124,1,13234
IMG_5035.png,1,124,1,12068
IMG_5036.png,1,36,1,4174
IMG_5037.png,1,51,1,5361
IMG_5038.png,1,67,1,7018
IMG_5039.png,1,49,1,6025
IMG_5040.png,1,29,1,3784
IMG_5041.png,1,35,1,4529
IMG_5042.png,1,33,1,5405
IMG_5043.png,1,42,1,7290
IMG_5044.png,1,38,1,5107
IMG_5045.png,1,19,1,3309
IMG_5046.png,1,69,1,6825
IMG_5047.png,1,59,1,8714
IMG_5048.png,1,56,1,7407
IMG_5049.png,1,81,1,7515
IMG_5050.png,1,34,1,6199
IMG_5051.png,1,47,1,5973
IMG_5052.png,1,33,2,4308
IMG_5053.png,1,24,1,3131
IMG_5055.png,1,40,2,5285
IMG_5056.png,1,80,1,7428
IMG_5057.png,1,108,1,9286
IMG_5058.png,1,96,1,7516
IMG_5059.png,1,238,1,16797
IMG_5060.png,1,262,1,17538
IMG_5061.png,1,103,1,7757
IMG_5062.png,1,166,1,14118
IMG_5063.png,1,118,1,9673
IMG_5064.png,1,69,1,5685
IMG_5065.png,1,51,1,4426
IMG_5066.png,1,51,1,5333
IMG_5067.png,1,50,1,5034
IMG_5068.png,1,67,1,8083
IMG_5069.png,1,59,1,7294
IMG_5070.png,1,54,1,6827
IMG_5071.png,1,87,1,10156
IMG_5072.png,1,88,1,9569
IMG_5073.png,1,96,1,9949
IMG_5074.png,1,41,1,6777
IMG_5075.png,1,81,2,13604
IMG_5076.png,1,36,1,7206
IMG_5077.png,1,43,1,6819
IMG_5078.png,1,45,1,7195
IMG_5079.png,1,40,1,6916
IMG_5080.png,1,42,1,6629
IMG_5081.png,1,16,1,3154
IMG_5082.png,1,100,2,15321
IMG_5083.png,1,63,2,10129
IMG_5084.png,1,70,2,7105
IMG_5085.png,1,30,2,4689
IMG_5086.png,1,39,1,6832
IMG_5087.png,1,32,1,4616
IMG_5088.png,1,78,2,11452
IMG_5089.png,1,34,2,5204
IMG_5090.png,1,49,1,7323
IMG_5091.png,1,48,2,6853
IMG_5092.png,1,62,1,9682
IMG_5093.png,1,52,1,7926
IMG_5094.png,1,46,1,7045
IMG_5095.png,1,48,2,5957
IMG_5096.png,1,102,1,9619
IMG_5097.png,1,141,1,12389
IMG_5098.png,1,105,1,9423
IMG_5099.png,1,158,1,14231
IMG_5100.png,1,52,1,7794
IMG_5101.png,1,21,1,3648
IMG_5102.png,1,12,1,3597
IMG_5103.png,1,8,1,2069
IMG_5104.png,1,12,1,2776
IMG_5105.png,1,10,1,3040
IMG_5106.png,1,17,1,3411
IMG_5107.png,1,16,1,3299
IMG_5108.png,1,15,1,3580
IMG_5109.png,1,9,1,3457
IMG_5110.png,1,10,1,3259
IMG_5111.png,1,25,1,4193
IMG_5112.png,1,47,1,7792
IMG_5113.png,1,37,1,6835
IMG_5114.png,1,37,1,5305
IMG_5115.png,1,51,1,9402
IMG_5116.png,1,103,1,11793
IMG_5117.png,1,117,1,12838
IMG_5118.png,1,109,1,13505
IMG_5119.png,1,111,1,12809
IMG_5120.png,1,125,1,14989
IMG_5121.png,0,0,0,0
IMG_5122.png,0,0,0,0
IMG_5123.png,0,2,0,0
IMG_5124.png,0,0,0,0
IMG_5125.png,0,0,0,0
IMG_5126.png,0,4,0,0
IMG_5127.png,0,15,3,3261
IMG_5128.png,0,14,2,2585
IMG_5129.png,0,19,2,2967
IMG_5130.png,0,3,1,2013
IMG_5131.png,0,0,0,0
IMG_5132.png,0,2,1,2459
IMG_5133.png,0,0,0,0
IMG_5134.png,0,0,0,0
IMG_5135.png,0,0,0,0
IMG_5136.png,0,0,0,0
IMG_5137.png,0,2,0,0
IMG_5138.png,0,0,0,0
IMG_5139.png,0,2,0,0
IMG_5140.png,0,4,0,0
IMG_5141.png,0,0,0,0
IMG_5142.png,0,0,0,0
IMG_5143.png,0,0,0,0
IMG_5144.png,0,0,0,0
IMG_5145.png,0,0,0,0
IMG_5146.png,0,0,0,0
IMG_5147.png,0,0,0,0
IMG_5148.png,0,0,0,0
IMG_5149.png,0,0,0,0
IMG_5150.png,0,0,0,0
IMG_5151.png,0,0,0,0
IMG_5152.png,0,0,0,0
IMG_5153.png,0,0,0,0
IMG_5154.png,0,0,0,0
IMG_5155.png,0,0,0,0
IMG_5156.png,0,0,0,0
IMG_5157.png,0,0,0,0
IMG_5158.png,0,0,0,0
IMG_5159.png,0,0,0,0
IMG_5160.png,0,0,0,0
IMG_5161.png,0,0,0,0
IMG_5162.png,0,0,0,0
IMG_5163.png,0,0,0,0
IMG_5164.png,0,0,0,0
IMG_5165.png,0,0,0,0
IMG_5166.png,0,0,0,0
IMG_5167.png,0,0,0,0
IMG_5168.png,0,0,0,0
IMG_5169.png,0,0,0,0
IMG_5170.png,0,0,0,0
IMG_5171.png,0,0,0,0
IMG_5172.png,0,0,0,0
IMG_5173.png,0,0,0,0
IMG_5174.png,0,1,0,0
IMG_5175.png,0,2,0,0
IMG_5176.png,0,0,0,0
IMG_5177.png,0,0,0,0
IMG_5178.png,0,0,0,0
IMG_5179.png,0,0,0,0
IMG_5180.png,0,0,0,0
IMG_5181.png,0,0,0,0
IMG_5182.png,9,210,9,18939
IMG_5183.png,9,261,9,23895
IMG_5184.png,9,248,9,22678
IMG_5185.png,9,293,9,23915
IMG_5186.png,9,350,9,26444
IMG_5187.png,9,337,9,27165
IMG_5188.png,9,328,9,27157
IMG_5189.png,9,323,9,27261
IMG_5190.png,9,309,9,27575
IMG_5193.png,9,331,9,27578
IMG_5194.png,9,324,9,28032
IMG_5195.png,9,329,9,27132
IMG_5196.png,9,305,9,27308
IMG_5197.png,9,303,9,28345
IMG_5198.png,9,301,9,29233
IMG_5199.png,9,314,9,29883
IMG_5200.png,9,302,9,29533
IMG_5201.png,9,320,9,28969
IMG_5203.png,9,329,9,27580
IMG_5204.png,9,311,8,27164
IMG_5205.png,9,297,8,27721
IMG_5206.png,9,308,8,27501
IMG_5207.png,9,293,8,24803
IMG_5208.png,9,295,8,24908
IMG_5209.png,9,289,8,24264
IMG_5210.png,9,286,8,23762
IMG_5211.png,9,267,8,23837
IMG_5212.png,9,214,9,19703
IMG_5213.png,9,222,9,19841
IMG_5214.png,9,220,9,20941
IMG_5215.png,9,249,8,20240
IMG_5216.png,9,262,8,22624
IMG_5217.png,9,381,8,29399
IMG_5218.png,9,351,8,28307
IMG_5219.png,9,218,9,19052
IMG_5220.png,9,231,9,19840
IMG_5221.png,9,267,9,23362
IMG_5225.png,9,296,9,25242
IMG_5226.png,9,298,9,25612
IMG_5227.png,9,275,9,26200
IMG_5228.png,9,276,9,25205
IMG_5229.png,9,237,8,21430
IMG_5230.png,9,228,8,22011
IMG_5231.png,9,268,9,22176
IMG_5232.png,9,248,9,19802
IMG_5233.png,9,264,9,23088
IMG_5234.png,9,274,9,20670
IMG_5235.png,9,253,8,23343
IMG_5236.png,9,258,8,24482
IMG_5237.png,9,244,8,22623
IMG_5238.png,9,235,9,22736
IMG_5239.png,9,231,9,21917
IMG_5241.png,9,244,8,18779
IMG_5243.png,9,259,9,20086
IMG_5244.png,9,273,9,21317
IMG_5245.png,9,256,9,22166
IMG_5246.png,9,281,9,22277
IMG_5247.png,9,241,9,23353
IMG_5248.png,9,273,9,23675
IMG_5249.png,9,263,9,22601
IMG_5251.png,9,327,9,31712
IMG_5252.png,9,286,9,25233
IMG_5253.png,9,213,9,19201
IMG_5254.png,9,246,9,21787
IMG_5255.png,9,271,9,21818
IMG_5256.png,9,293,9,21552
IMG_5257.png,9,271,9,22131
IMG_5258.png,9,311,9,28529
IMG_5259.png,9,289,9,24972
IMG_5260.png,9,248,9,20762
IMG_5261.png,9,253,9,21903
IMG_5262.png,9,189,9,14339
IMG_5263.png,9,229,9,17300
IMG_5264.png,9,207,9,17627
IMG_5265.png,9,195,9,16786
IMG_5266.png,9,182,9,16373
IMG_5268.png,9,204,9,16387
IMG_5269.png,9,191,9,16269
IMG_5270.png,9,192,9,16462
IMG_5271.png,9,223,9,18231
IMG_5272.png,9,225,9,17681
IMG_5273.png,9,220,9,20034
IMG_5274.png,9,197,9,18197
IMG_5275.png,9,216,9,18829
IMG_5276.png,9,200,9,18432
IMG_5277.png,9,220,9,18824
IMG_5278.png,9,193,9,16658
IMG_5280.png,9,198,9,16892
IMG_5281.png,9,199,9,16337
IMG_5282.png,9,226,8,17002
IMG_5283.png,9,214,9,17404
IMG_5284.png,9,218,9,17517
IMG_5285.png,9,225,9,17727
IMG_5286.png,9,237,9,16588
IMG_5287.png,9,220,8,15335
IMG_5288.png,9,221,9,18792
IMG_5289.png,9,241,9,19666
IMG_5290.png,9,203,8,16374
IMG_5292.png,9,227,9,19156
IMG_5293.png,9,227,9,19120
IMG_5294.png,9,238,9,19390
IMG_5295.png,9,278,9,20440
IMG_5296.png,9,186,9,16025
IMG_5297.png,9,281,9,21550
IMG_5298.png,9,261,9,18997
IMG_5299.png,9,229,9,19358
IMG_5300.png,9,243,9,18557
IMG_5301.png,9,214,9,18219
IMG_5302.png,9,223,9,17489
IMG_5303.png,9,219,9,19115
IMG_5304.png,9,228,9,15743
IMG_5305.png,9,177,9,14194
IMG_5306.png,9,193,9,16867
IMG_5307.png,9,161,9,13353
IMG_5308.png,9,196,9,16289
IMG_5309.png,9,176,9,15754
IMG_5310.png,9,179,9,15050
IMG_5311.png,9,169,9,14810
IMG_5312.png,9,188,8,15415
IMG_5313.png,10,226,10,17696
IMG_5314.png,10,248,10,18421
IMG_5315.png,10,263,10,19560
IMG_5316.png,10,252,10,19603
IMG_5317.png,10,258,10,20113
IMG_5318.png,10,264,10,19345
IMG_5319.png,10,259,10,21140
IMG_5320.png,10,342,10,27810
IMG_5322.png,10,329,10,25568
IMG_5323.png,10,339,10,24829
IMG_5324.png,10,299,10,25283
IMG_5325.png,10,307,10,25413
IMG_5326.png,10,313,10,25318
IMG_5327.png,10,297,10,23058
IMG_5328.png,10,304,10,23404
IMG_5329.png,10,316,10,25706
IMG_5330.png,10,233,10,20733
IMG_5331.png,10,235,10,22117
IMG_5332.png,10,245,10,21872
IMG_5333.png,10,240,10,20484
IMG_5334.png,10,332,10,26726
IMG_5335.png,10,342,10,25636
IMG_5336.png,10,257,10,24946
IMG_5337.png,10,284,10,25302
IMG_5338.png,10,267,10,22249
IMG_5339.png,10,294,10,23198
IMG_5340.png,10,295,10,23605
IMG_5341.png,10,266,10,23917
IMG_5342.png,10,278,10,28218
IMG_5343.png,10,330,10,27364
IMG_5344.png,10,295,11,26378
IMG_5345.png,10,281,11,25258
IMG_5346.png,10,237,10,19117
IMG_5347.png,10,271,10,21804
IMG_5348.png,10,276,10,22577
IMG_5349.png,10,258,10,22302
IMG_5350.png,10,271,10,22349
IMG_5351.png,10,270,10,20263
IMG_5352.png,10,220,9,18616
IMG_5353.png,10,259,9,21163
IMG_5354.png,10,229,9,19467
IMG_5355.png,10,217,10,19555
IMG_5356.png,10,227,10,18744
IMG_5357.png,10,201,10,18099
IMG_5358.png,10,253,10,20033
IMG_5359.png,10,230,10,19231
IMG_5360.png,10,231,10,18620
IMG_5361.png,10,221,10,18356
IMG_5363.png,10,160,10,16906
IMG_5364.png,10,196,10,17247
IMG_5365.png,10,232,10,21746
IMG_5366.png,10,247,10,22006
IMG_5367.png,10,235,10,21666
IMG_5368.png,10,209,10,20578
IMG_5369.png,10,190,10,20182
IMG_5370.png,10,213,10,20405
IMG_5371.png,10,206,10,20270
IMG_5372.png,10,219,10,20452
IMG_5373.png,10,222,9,19217
IMG_5374.png,10,206,10,18283
IMG_5375.png,10,261,10,23151
IMG_5376.png,10,232,10,19963
IMG_5377.png,10,199,10,17836
IMG_5378.png,10,211,9,20176
IMG_5379.png,10,222,10,20711
IMG_5380.png,10,345,10,30595
IMG_5381.png,10,354,10,31051
IMG_5382.png,10,310,10,29599
IMG_5383.png,10,299,10,26617
IMG_5384.png,10,277,10,27161
IMG_5385.png,10,275,10,27462
IMG_5386.png,10,241,10,23546
IMG_5387.png,10,239,9,21312
IMG_5388.png,10,274,9,23996
IMG_5389.png,10,246,10,23039
IMG_5390.png,10,224,8,21274
IMG_5391.png,10,274,8,25912
IMG_5392.png,10,238,9,21076
IMG_5393.png,10,281,9,22825
IMG_5394.png,10,272,9,22546
IMG_5395.png,10,243,9,21543
IMG_5396.png,10,276,9,22952
IMG_5397.png,10,253,9,26507
IMG_5398.png,10,248,10,25468
IMG_5399.png,10,237,10,25257
IMG_5400.png,10,256,10,25364
IMG_5401.png,10,319,10,26226
IMG_5402.png,10,278,10,25475
IMG_5403.png,10,277,11,26126
IMG_5404.png,10,287,11,28232
IMG_5405.png,10,273,11,27314
IMG_5407.png,10,267,10,25326
IMG_5408.png,10,265,10,25603
IMG_5415.png,10,247,10,21756
IMG_5416.png,10,245,10,21413
IMG_5417.png,10,259,10,21963
IMG_5418.png,10,244,10,21923
IMG_5419.png,10,240,10,22817
IMG_5420.png,10,265,10,22962
IMG_5421.png,10,261,10,24132
IMG_5422.png,10,223,10,22570
IMG_5423.png,10,198,9,19485
IMG_5424.png,10,207,10,20714
IMG_5425.png,10,227,10,20597
IMG_5426.png,10,219,10,21510
IMG_5427.png,10,229,10,20819
IMG_5428.png,10,224,10,20803
IMG_5429.png,10,223,10,20718
IMG_5430.png,10,253,9,21190
IMG_5431.png,10,245,9,20618
IMG_5432.png,10,241,10,20087
IMG_5433.png,10,228,10,20189
IMG_5434.png,10,233,10,20676
IMG_5435.png,10,299,10,24365
IMG_5436.png,11,252,11,24007
IMG_5437.png,11,291,11,27233
IMG_5438.png,11,311,11,27818
IMG_5439.png,11,314,11,28259
IMG_5440.png,11,302,11,28557
IMG_5441.png,11,321,11,29610
IMG_5442.png,11,319,11,29110
IMG_5443.png,11,276,11,28493
IMG_5445.png,11,300,11,28889
IMG_5446.png,11,283,12,28398
IMG_5447.png,11,321,11,28881
IMG_5448.png,11,322,11,29249
IMG_5449.png,11,330,11,29422
IMG_5450.png,11,315,11,30238
IMG_5451.png,11,297,11,31155
IMG_5452.png,11,318,11,30034
IMG_5453.png,11,376,11,31180
IMG_5454.png,11,328,10,30661
IMG_5455.png,11,306,9,26796
IMG_5456.png,11,335,10,29072
IMG_5457.png,11,281,9,27979
IMG_5458.png,11,265,10,28076
IMG_5459.png,11,270,10,27613
IMG_5460.png,11,267,10,26803
IMG_5461.png,11,260,10,25313
IMG_5462.png,11,260,9,24358
IMG_5463.png,11,265,9,23825
IMG_5464.png,11,256,10,22491
IMG_5465.png,11,270,10,21485
IMG_5466.png,11,230,10,19959
IMG_5467.png,11,263,10,21379
IMG_5471.png,11,240,11,20775
IMG_5472.png,11,248,11,21116
IMG_5474.png,11,266,11,21782
IMG_5475.png,11,251,11,20807
IMG_5476.png,11,244,11,21868
IMG_5477.png,11,262,10,22908
IMG_5478.png,11,318,10,27346
IMG_5479.png,11,285,10,26225
IMG_5480.png,11,290,9,25144
IMG_5481.png,11,308,10,26698
IMG_5482.png,11,268,10,25385
IMG_5483.png,11,269,10,26283
IMG_5484.png,11,248,11,23345
IMG_5485.png,11,244,11,22551
IMG_5486.png,11,244,11,22278
IMG_5487.png,11,237,11,22628
IMG_5488.png,11,247,11,23442
IMG_5489.png,11,235,11,23389
IMG_5490.png,11,250,11,22560
IMG_5491.png,11,250,11,22321
IMG_5492.png,11,237,11,22368
IMG_5493.png,11,231,11,21593
IMG_5494.png,11,220,11,22560
IMG_5495.png,11,287,11,24347
IMG_5496.png,11,274,11,27720
IMG_5497.png,11,256,11,25248
IMG_5498.png,11,246,11,24102
IMG_5499.png,11,212,11,22314
IMG_5500.png,11,266,11,26315
IMG_5501.png,11,257,11,24984
IMG_5502.png,11,257,11,24721
IMG_5503.png,11,301,11,28197
IMG_5504.png,11,245,11,25826
IMG_5505.png,11,244,10,23842
IMG_5506.png,11,224,10,22566
IMG_5507.png,11,197,10,20203
IMG_5508.png,11,229,11,20569
IMG_5509.png,11,218,11,20710
IMG_5510.png,11,237,11,20272
IMG_5511.png,11,224,11,17467
IMG_5512.png,11,208,10,19550
IMG_5513.png,11,199,11,19311
IMG_5514.png,11,203,11,17772
IMG_5515.png,11,186,11,17226
IMG_5516.png,11,230,11,20835
IMG_5517.png,11,230,10,21242
IMG_5518.png,11,217,11,19783
IMG_5519.png,11,190,11,18925
IMG_5520.png,11,206,11,17843
IMG_5521.png,11,206,11,19882
IMG_5522.png,11,168,9,16835
IMG_5523.png,11,183,9,17154
IMG_5524.png,11,163,9,14899
IMG_5525.png,11,259,11,22919
IMG_5526.png,11,249,11,23224
IMG_5527.png,11,245,11,21684
IMG_5528.png,11,232,11,21912
IMG_5529.png,11,244,11,22718
IMG_5530.png,11,260,11,22603
IMG_5531.png,11,254,11,23298
IMG_5532.png,11,255,11,22714
IMG_5533.png,11,266,11,22797
IMG_5534.png,11,247,11,23280
IMG_5535.png,11,228,10,22089
IMG_5536.png,11,245,11,21925
IMG_5537.png,11,270,11,22845
IMG_5538.png,11,278,11,23100
IMG_5539.png,11,238,11,20442
IMG_5540.png,11,248,11,24349
IMG_5541.png,11,202,11,22631
IMG_5542.png,11,152,11,16668
IMG_5543.png,11,177,11,17793
IMG_5545.png,11,203,10,17234
IMG_5546.png,11,222,9,20378
IMG_5547.png,11,222,11,20402
IMG_5549.png,11,209,10,19278
IMG_5550.png,11,217,10,17997
IMG_5552.png,11,204,8,15822
IMG_5553.png,11,186,10,18601
IMG_5554.png,11,218,10,21147
IMG_5555.png,11,221,10,19810
IMG_5558.png,11,226,11,20805
IMG_5559.png,11,196,11,19168
IMG_5560.png,11,207,11,19163
IMG_5561.png,11,200,11,19305
IMG_5562.png,11,211,11,20481
IMG_5563.png,11,228,11,21754
IMG_5565.png,11,252,10,22512
IMG_5566.png,11,234,11,21401
IMG_5567.png,11,205,11,21570
IMG_5568.png,11,228,11,23216
IMG_5569.png,11,214,11,22835
IMG_5570.png,11,235,11,22336
IMG_5571.png,12,245,12,22391
IMG_5572.png,12,217,12,20747
IMG_5573.png,12,239,11,21709
IMG_5574.png,12,207,11,21584
IMG_5575.png,12,237,11,22003
IMG_5576.png,12,242,11,23221
IMG_5577.png,12,218,11,20332
IMG_5578.png,12,252,11,25233
IMG_5579.png,12,209,11,21317
IMG_5580.png,12,212,12,21944
IMG_5581.png,12,255,12,22853
IMG_5582.png,12,232,12,23634
IMG_5583.png,12,230,12,22739
IMG_5584.png,12,228,10,22746
IMG_5585.png,12,229,10,24172
IMG_5586.png,12,256,11,24583
IMG_5587.png,12,213,12,19548
IMG_5588.png,12,242,12,22096
IMG_5589.png,12,225,12,21731
IMG_5590.png,12,229,12,21301
IMG_5591.png,12,245,12,21375
IMG_5592.png,12,210,12,21770
IMG_5593.png,12,232,12,20580
IMG_5594.png,12,211,12,19291
IMG_5595.png,12,228,12,20383
IMG_5596.png,12,229,12,20649
IMG_5597.png,12,189,12,18185
IMG_5598.png,12,271,12,25164
IMG_5599.png,12,247,11,19745
IMG_5600.png,12,261,12,22129
IMG_5601.png,12,272,12,22753
IMG_5602.png,12,257,12,21611
IMG_5603.png,12,218,12,20811
IMG_5604.png,12,270,12,22643
IMG_5605.png,12,356,12,32518
IMG_5606.png,12,244,12,20259
IMG_5607.png,12,216,12,18487
IMG_5608.png,12,289,12,23072
IMG_5609.png,12,194,12,17268
IMG_5610.png,12,197,12,17936
IMG_5611.png,12,220,12,18668
IMG_5613.png,12,198,12,17942
IMG_5614.png,12,219,12,18518
IMG_5615.png,12,231,12,17998
IMG_5616.png,12,230,12,19495
IMG_5617.png,12,203,11,19376
IMG_5618.png,12,167,10,16132
IMG_5619.png,12,175,10,18597
IMG_5620.png,12,249,11,25482
IMG_5621.png,12,246,12,24527
IMG_5622.png,12,225,11,22497
IMG_5623.png,12,214,10,21059
IMG_5624.png,12,196,10,19142
IMG_5625.png,12,184,9,18281
IMG_5627.png,12,259,12,24862
IMG_5628.png,12,281,12,24224
IMG_5629.png,12,248,12,22306
IMG_5630.png,12,242,12,22239
IMG_5631.png,12,244,12,22439
IMG_5632.png,12,258,12,23425
IMG_5633.png,12,252,12,23045
IMG_5634.png,12,257,12,22554
IMG_5635.png,12,246,12,22363
IMG_5636.png,12,230,12,21621
IMG_5637.png,12,279,11,23371
IMG_5638.png,12,248,11,22287
IMG_5639.png,12,262,11,22402
IMG_5640.png,12,251,11,22463
IMG_5641.png,12,262,11,22157
IMG_5642.png,12,261,11,22798
IMG_5643.png,12,239,11,21028
IMG_5644.png,12,255,11,22278
IMG_5645.png,12,245,11,21759
IMG_5646.png,12,237,11,21581
IMG_5647.png,12,232,10,20274
IMG_5648.png,12,253,11,21345
IMG_5650.png,12,261,11,22708
IMG_5651.png,12,252,11,19881
IMG_5652.png,12,231,11,22267
IMG_5656.png,13,244,13,22524
IMG_5657.png,13,275,13,23389
IMG_5658.png,13,290,13,25743
IMG_5659.png,13,277,12,23258
IMG_5660.png,13,283,12,23594
IMG_5661.png,13,286,12,22918
IMG_5662.png,13,231,13,22657
IMG_5663.png,13,289,13,22567
IMG_5664.png,13,319,12,22369
IMG_5665.png,13,320,13,23872
IMG_5666.png,13,296,13,22574
IMG_5667.png,13,236,13,21899
IMG_5668.png,13,270,13,23427
IMG_5669.png,13,268,13,23827
IMG_5670.png,13,267,12,22687
IMG_5671.png,13,263,13,23243
IMG_5672.png,13,294,13,23939
IMG_5673.png,13,295,13,23743
IMG_5674.png,13,315,13,25999
IMG_5675.png,13,322,13,27135
IMG_5676.png,13,350,13,29117
IMG_5677.png,13,334,13,28680
IMG_5678.png,13,355,13,28242
IMG_5679.png,13,353,13,27888
IMG_5680.png,13,369,13,28675
IMG_5681.png,13,272,13,25516
IMG_5682.png,13,288,11,24145
IMG_5683.png,13,276,13,22963
IMG_5684.png,13,248,13,21225
IMG_5685.png,13,286,13,23377
IMG_5686.png,13,319,13,23513
IMG_5687.png,13,287,13,24267
IMG_5688.png,13,249,13,21069
IMG_5689.png,13,239,11,22145
IMG_5690.png,13,262,12,21859
IMG_5691.png,13,235,12,21073
IMG_5692.png,13,241,12,21027
IMG_5693.png,13,259,13,22129
IMG_5694.png,13,251,13,22946
IMG_5695.png,13,256,13,22214
IMG_5696.png,13,252,13,21457
IMG_5697.png,13,250,13,22121
IMG_5698.png,13,240,13,22475
IMG_5699.png,13,261,13,23207
IMG_5700.png,13,255,13,22723
IMG_5701.png,13,249,13,22165
IMG_5702.png,13,274,13,22809
IMG_5703.png,13,293,13,24709
IMG_5704.png,13,264,13,22052
IMG_5705.png,13,236,13,21266
IMG_5706.png,13,269,13,21705
IMG_5707.png,13,250,13,21683
IMG_5708.png,13,252,13,21915
IMG_5709.png,13,276,13,21530
IMG_5710.png,13,262,13,21261
IMG_5711.png,13,252,13,21669
IMG_5712.png,13,232,13,21106
IMG_5713.png,13,241,13,22250
IMG_5714.png,13,244,13,21563
IMG_5715.png,13,270,13,22256
IMG_5716.png,13,257,13,21845
IMG_5717.png,13,266,13,23406
IMG_5718.png,13,283,13,23671
IMG_5719.png,13,367,13,30512
IMG_5720.png,13,325,13,28938
IMG_5721.png,13,281,13,25353
IMG_5722.png,13,285,13,23750
IMG_5723.png,13,287,13,23555
IMG_5724.png,13,253,13,22561
IMG_5725.png,13,250,13,22159
IMG_5726.png,13,268,12,22670
IMG_5727.png,13,270,12,22023
IMG_5728.png,13,236,11,18728
IMG_5729.png,13,197,9,18771
IMG_5730.png,13,225,10,17762
IMG_5731.png,13,195,11,16079
IMG_5732.png,13,231,12,17590
IMG_5733.png,13,227,13,19346
IMG_5734.png,13,246,13,20548
IMG_5735.png,13,194,13,17390
IMG_5736.png,13,199,13,17751
IMG_5737.png,13,216,13,20895
IMG_5738.png,13,206,13,19540
IMG_5739.png,13,273,11,25169
IMG_5740.png,13,283,13,23336
IMG_5741.png,13,207,12,16638
IMG_5742.png,13,286,13,24928
IMG_5743.png,13,319,13,26926
IMG_5744.png,13,333,13,24521
IMG_5745.png,13,275,13,22105
IMG_5746.png,13,284,13,21068
IMG_5747.png,13,284,13,21603
IMG_5748.png,13,221,12,19048
IMG_5749.png,13,309,13,25995
IMG_5750.png,13,289,13,25207
IMG_5751.png,13,238,12,21079
IMG_5752.png,13,311,13,27758
IMG_5753.png,13,297,13,25278
IMG_5754.png,13,286,13,24234
IMG_5755.png,13,313,13,24638
IMG_5756.png,13,291,12,24363
IMG_5757.png,13,312,13,27546
IMG_5758.png,13,298,13,26344
IMG_5759.png,13,289,13,25637
IMG_5760.png,13,271,13,24646
IMG_5761.png,13,277,13,24424
IMG_5762.png,13,278,13,24258
IMG_5763.png,13,300,13,24048
IMG_5764.png,13,308,13,23294
IMG_5765.png,13,303,13,23449
IMG_5766.png,13,308,13,22013
IMG_5767.png,13,284,13,21623
IMG_5768.png,13,285,13,22170
IMG_5769.png,13,248,13,21384
IMG_5770.png,13,310,13,26295
IMG_5771.png,13,266,13,23582
IMG_5772.png,13,272,13,23040
IMG_5773.png,13,245,13,20906
IMG_5774.png,13,284,13,20005
IMG_5775.png,13,304,13,23600
IMG_5776.png,13,269,12,22882
IMG_5777.png,13,291,12,24966
IMG_5778.png,13,334,12,27425
IMG_5779.png,13,324,12,25963
IMG_5780.png,13,305,12,23426
IMG_5781.png,13,286,12,23315
IMG_5782.png,13,240,13,20626
IMG_5783.png,13,234,13,21982
IMG_5784.png,13,263,13,22919
IMG_5785.png,13,281,13,24004
IMG_5786.png,13,257,13,22425
IMG_5787.png,13,235,13,20393
IMG_5788.png,13,250,13,21859
IMG_5789.png,13,282,13,22524
IMG_5790.png,13,264,13,22877
IMG_5791.png,13,278,13,22725
IMG_5792.png,13,249,13,22085
IMG_5793.png,13,219,13,20626
IMG_5794.png,13,248,13,21170
IMG_5795.png,13,244,13,20245
IMG_5796.png,13,253,13,20293
IMG_5797.png,13,252,13,20792
IMG_5798.png,13,258,13,20600
IMG_5799.png,13,281,13,20124
IMG_5800.png,13,257,13,20204
IMG_5801.png,13,295,13,21659
IMG_5802.png,13,274,13,21012
IMG_5803.png,13,276,13,23046
IMG_5804.png,13,281,13,23343
IMG_5805.png,13,237,13,19431
IMG_5806.png,13,244,13,19407
IMG_5807.png,13,221,13,19906
IMG_5808.png,13,210,13,20376
IMG_5809.png,13,230,12,19388
IMG_5810.png,13,236,12,19525
IMG_5811.png,13,207,11,17600
IMG_5812.png,13,263,13,21791
IMG_5813.png,13,261,13,22196
IMG_5814.png,13,237,13,20232
IMG_5815.png,13,231,13,21496
IMG_5816.png,13,256,13,22230
IMG_5817.png,13,275,12,23305
IMG_5818.png,13,294,13,24139
IMG_5819.png,13,267,11,23176
IMG_5820.png,13,258,11,23850
IMG_5821.png,13,322,10,26319
IMG_5822.png,13,335,12,28297
IMG_5823.png,13,326,13,28529
IMG_5824.png,13,353,13,29544
IMG_5825.png,13,281,12,23024
IMG_5826.png,13,256,13,22359
IMG_5827.png,13,310,13,26647
IMG_5828.png,14,289,12,22588
IMG_5829.png,14,262,12,20958
IMG_5830.png,14,258,12,20569
IMG_5831.png,14,255,12,20186
IMG_5832.png,14,264,12,20937
IMG_5833.png,14,257,12,19971
IMG_5834.png,14,234,11,19981
IMG_5835.png,14,248,11,19640
IMG_5836.png,14,236,12,19025
IMG_5837.png,14,261,12,19766
IMG_5838.png,14,266,12,19602
IMG_5839.png,14,276,12,21168
IMG_5840.png,14,304,12,20562
IMG_5841.png,14,302,12,20618
IMG_5842.png,14,297,12,20887
IMG_5843.png,14,299,12,20956
IMG_5844.png,14,304,12,22576
IMG_5845.png,14,308,12,23884
IMG_5846.png,14,321,12,23633
IMG_5847.png,14,282,12,21718
IMG_5848.png,14,267,12,20720
IMG_5849.png,14,292,12,21600
IMG_5850.png,14,270,12,20738
IMG_5851.png,14,267,12,20338
IMG_5852.png,14,231,12,20325
IMG_5853.png,14,220,12,19752
IMG_5854.png,14,226,12,20047
IMG_5855.png,14,234,12,19856
IMG_5856.png,14,307,12,24029
IMG_5857.png,14,308,12,23556
IMG_5858.png,14,291,12,24016
IMG_5859.png,14,306,12,24105
IMG_5860.png,14,308,12,23437
IMG_5861.png,14,304,12,22540
IMG_5862.png,14,311,12,24585
IMG_5863.png,14,287,12,21653
IMG_5864.png,14,279,12,21216
IMG_5865.png,14,288,12,20343
IMG_5866.png,14,251,12,19693
IMG_5867.png,14,192,12,18259
IMG_5868.png,14,232,12,19013
IMG_5869.png,14,261,12,20654
IMG_5870.png,14,234,12,18595
IMG_5871.png,14,232,12,20446
IMG_5872.png,14,226,10,17980
IMG_5873.png,14,229,10,18202
IMG_5874.png,14,271,10,22073
IMG_5875.png,14,216,11,20179
IMG_5876.png,14,257,11,21053
IMG_5877.png,14,242,11,21957
IMG_5878.png,14,284,12,21605
IMG_5879.png,14,300,11,21787
IMG_5880.png,14,334,10,25920
IMG_5881.png,14,314,12,25356
IMG_5882.png,14,313,11,24907
IMG_5883.png,14,266,12,20633
IMG_5884.png,14,291,12,22028
IMG_5885.png,14,259,12,21858
IMG_5886.png,14,270,12,21709
IMG_5887.png,14,249,12,20630
IMG_5888.png,14,226,12,20244
IMG_5889.png,14,270,12,20830
IMG_5890.png,14,254,12,18445
IMG_5891.png,14,294,12,22111
IMG_5892.png,14,235,11,19876
IMG_5893.png,14,255,12,20516
IMG_5894.png,14,226,12,19438
IMG_5895.png,14,287,12,21645
IMG_5896.png,14,241,11,19952
IMG_5897.png,14,282,12,22430
IMG_5898.png,14,253,12,20982
IMG_5899.png,14,246,12,20719
IMG_5900.png,14,239,12,19546
IMG_5901.png,14,228,12,18803
IMG_5902.png,14,215,12,19127
IMG_5903.png,14,267,12,21480
IMG_5904.png,14,261,12,20736
IMG_5905.png,14,273,12,19927
IMG_5906.png,14,272,12,19452
IMG_5907.png,14,236,12,20031
IMG_5908.png,14,252,12,20197
IMG_5909.png,14,238,12,19624
IMG_5910.png,14,245,12,19521
IMG_5911.png,14,231,12,19746
IMG_5912.png,14,229,12,20070
IMG_5913.png,14,228,12,20891
IMG_5914.png,14,227,12,21020
IMG_5915.png,14,280,12,22979
IMG_5916.png,14,279,12,20969
IMG_5917.png,14,243,11,20484
IMG_5918.png,14,245,11,21816
IMG_5919.png,14,232,11,21250
IMG_5920.png,14,277,11,23719
IMG_5921.png,14,272,11,21050
IMG_5922.png,14,299,11,22943
IMG_5923.png,14,352,12,27493
IMG_5924.png,14,301,12,23502
IMG_5925.png,14,297,12,22958
IMG_5926.png,14,310,12,20333
IMG_5927.png,14,314,12,23119
IMG_5928.png,14,348,12,24563
IMG_5929.png,14,337,12,23465
IMG_5930.png,14,257,11,22424
IMG_5931.png,14,311,12,22030
IMG_5932.png,14,373,12,26100
IMG_5933.png,14,304,12,24244
IMG_5934.png,14,287,12,21065
IMG_5935.png,14,314,12,25257
IMG_5936.png,14,224,12,19188
IMG_5937.png,14,266,12,19902
IMG_5938.png,14,279,12,22363
IMG_5939.png,14,270,12,22014
IMG_5940.png,14,290,12,22831
IMG_5941.png,14,217,11,19980
IMG_5942.png,14,278,11,23659
IMG_5943.png,14,280,12,23613
IMG_5944.png,14,295,12,23174
IMG_5945.png,14,295,11,23384
IMG_5946.png,14,243,12,18605
IMG_5947.png,14,242,12,18686
IMG_5948.png,14,248,12,20313
IMG_5949.png,14,247,12,20640
IMG_5950.png,14,289,12,21461
IMG_5951.png,14,281,12,21574
IMG_5952.png,14,253,12,19015
IMG_6184.png,1,13,1,1918
IMG_6186.png,1,28,1,3135
IMG_6187.png,1,37,1,3498
IMG_6188.png,1,32,1,3855
IMG_6189.png,1,20,1,3515
IMG_6191.png,1,67,1,8346
IMG_6192.png,1,70,1,8782
IMG_6193.png,1,58,1,7063
IMG_6194.png,1,67,1,7661
IMG_6195.png,1,71,1,8348
IMG_6196.png,1,58,1,6452
IMG_6198.png,1,26,1,2864
IMG_6202.png,1,64,1,6720
IMG_6203.png,1,55,1,6452
IMG_6204.png,1,47,1,5354
IMG_6205.png,1,52,1,6018
IMG_6206.png,1,15,1,2615
IMG_6208.png,1,79,2,8981
IMG_6209.png,1,58,2,8622
IMG_6210.png,1,51,2,8711
IMG_6211.png,1,55,3,8567
IMG_6212.png,1,90,4,12411
IMG_6213.png,1,81,2,8812
IMG_6214.png,1,49,1,5726
IMG_6215.png,1,38,2,5242
IMG_6216.png,1,23,1,2538
IMG_6217.png,1,21,2,3255
IMG_6219.png,1,22,1,2729
IMG_6221.png,1,32,2,3855
IMG_6222.png,1,20,1,2717
IMG_6223.png,1,71,2,8326
IMG_6224.png,1,46,2,6900
IMG_6225.png,1,61,3,8062
IMG_6226.png,1,119,2,11527
IMG_6227.png,1,165,2,14551
IMG_6228.png,1,141,2,12990
IMG_6229.png,1,111,2,12958
IMG_6230.png,1,117,1,11152
IMG_6231.png,1,204,1,16179
IMG_6232.png,1,71,2,10560
IMG_6233.png,1,79,2,9418
IMG_6234.png,1,42,1,7362
IMG_6235.png,1,57,1,7829
IMG_6236.png,1,49,1,8362
IMG_6237.png,1,68,1,11601
IMG_6238.png,1,44,1,6484
IMG_6239.png,1,39,2,5404
IMG_6241.png,1,43,1,11651
IMG_6242.png,1,129,1,11685
IMG_6243.png,1,206,1,14459
IMG_6244.png,1,167,1,10870
IMG_6245.png,1,134,1,10845
IMG_6246.png,1,130,1,10068
IMG_6247.png,1,257,1,17483
IMG_6248.png,1,43,1,4752
IMG_6249.png,1,77,1,6615
IMG_6250.png,1,64,1,7178
IMG_6251.png,1,112,2,8508
IMG_6252.png,1,118,1,10182
IMG_6253.png,1,190,1,15949
IMG_6254.png,1,102,1,9441
IMG_6255.png,1,128,1,9670
IMG_6256.png,1,104,1,9355
IMG_6257.png,1,156,1,9502
IMG_6258.png,1,97,1,8824
IMG_6259.png,1,84,1,7858
IMG_6260.png,1,249,1,18001
IMG_6261.png,1,95,1,7314
IMG_6262.png,1,47,2,9124
IMG_6263.png,1,43,3,8559
IMG_6264.png,1,27,1,4152
IMG_6265.png,1,41,1,5704
IMG_6266.png,1,73,1,12778
IMG_6267.png,1,57,1,8210
IMG_6269.png,1,55,1,6734
IMG_6272.png,1,15,1,2853
IMG_6273.png,1,14,1,3073
IMG_6274.png,1,13,1,2343
IMG_6275.png,1,11,1,2612
IMG_6276.png,1,22,1,3815
IMG_6277.png,1,11,1,1953
IMG_6278.png,1,57,1,6517
IMG_6279.png,1,96,1,11701
IMG_6280.png,1,65,1,8194
IMG_6281.png,1,42,1,5371
IMG_6282.png,1,143,1,19382
IMG_6283.png,1,97,1,12975
IMG_6284.png,1,111,1,14099
IMG_6285.png,1,114,1,13520
IMG_6286.png,1,136,1,16501
IMG_6288.png,2,157,2,16003
IMG_6289.png,2,167,2,16095
IMG_6290.png,2,171,2,16448
IMG_6291.png,2,186,2,15838
IMG_6292.png,2,159,2,13608
IMG_6293.png,2,73,2,7533
IMG_6294.png,2,82,2,6588
IMG_6295.png,2,109,2,9008
IMG_6296.png,2,100,2,10928
IMG_6297.png,2,94,2,11122
IMG_6298.png,2,64,2,6513
IMG_6299.png,2,54,2,5875
IMG_6301.png,2,94,2,9125
IMG_6302.png,2,68,2,7120
IMG_6303.png,2,90,2,10993
IMG_6304.png,2,88,2,9819
IMG_6305.png,2,75,2,9006
IMG_6306.png,2,85,2,8896
IMG_6307.png,2,86,2,8704
IMG_6308.png,2,85,2,8638
IMG_6309.png,2,103,2,10567
IMG_6310.png,2,33,2,5358
IMG_6311.png,2,44,2,5688
IMG_6312.png,2,46,2,4913
IMG_6313.png,2,80,2,9617
IMG_6314.png,2,86,2,12284
IMG_6315.png,2,69,2,8386
IMG_6316.png,2,58,2,9541
IMG_6317.png,2,44,2,5904
IMG_6318.png,2,50,2,5601
IMG_6319.png,2,35,2,4879
IMG_6320.png,2,30,2,5169
IMG_6321.png,2,96,2,12158
IMG_6322.png,2,36,2,4677
IMG_6323.png,2,80,3,9862
IMG_6324.png,2,41,2,4430
IMG_6325.png,2,31,2,5048
IMG_6326.png,2,31,2,4069
IMG_6328.png,2,49,2,6155
IMG_6329.png,2,81,2,11570
IMG_6330.png,2,41,2,5859
IMG_6331.png,2,47,2,7978
IMG_6332.png,2,45,2,6472
IMG_6333.png,2,86,2,11182
IMG_6334.png,2,44,2,5659
IMG_6337.png,2,42,2,5676
IMG_6338.png,2,54,2,6711
IMG_6339.png,2,84,2,10878
IMG_6340.png,2,70,2,10940
IMG_6341.png,2,59,2,6674
IMG_6343.png,2,86,2,13357
IMG_6344.png,2,118,3,12772
IMG_6345.png,2,84,3,10055
IMG_6346.png,2,85,3,9124
IMG_6347.png,2,41,2,4670
IMG_6348.png,2,71,2,7195
IMG_6349.png,2,95,3,10548
IMG_6350.png,2,66,3,8669
IMG_6351.png,2,101,3,13839
IMG_6352.png,2,119,3,12932
IMG_6354.png,2,79,3,8988
IMG_6355.png,2,113,3,11288
IMG_6356.png,2,109,2,9997
IMG_6357.png,2,171,2,15317
IMG_6358.png,2,47,2,5276
IMG_6359.png,2,54,3,4678
IMG_6360.png,2,67,3,6339
IMG_6361.png,2,71,2,7267
IMG_6363.png,2,71,2,8452
IMG_6364.png,2,71,2,6476
IMG_6365.png,2,83,2,7986
IMG_6366.png,2,68,2,7789
IMG_6367.png,2,80,2,7374
IMG_6368.png,2,44,2,6299
IMG_6370.png,2,38,2,7810
IMG_6372.png,2,34,2,5886
IMG_6373.png,2,46,2,5576
IMG_6374.png,2,42,2,6865
IMG_6375.png,2,51,2,8163
IMG_6376.png,2,36,2,6462
IMG_6377.png,2,62,2,10241
IMG_6378.png,2,48,2,7401
IMG_6379.png,2,52,2,6517
IMG_6381.png,2,166,2,18949
IMG_6382.png,2,126,2,12890
IMG_6383.png,2,133,2,12624
IMG_6384.png,3,141,3,16704
IMG_6385.png,3,109,3,11586
IMG_6387.png,3,57,3,5973
IMG_6388.png,3,71,3,6759
IMG_6389.png,3,91,3,12141
IMG_6390.png,3,104,3,11821
IMG_6391.png,3,122,3,13976
IMG_6392.png,3,106,3,12810
IMG_6393.png,3,101,3,11802
IMG_6394.png,3,95,3,11590
IMG_6395.png,3,107,3,10923
IMG_6396.png,3,57,3,6535
IMG_6397.png,3,63,3,6907
IMG_6398.png,3,62,3,6882
IMG_6400.png,3,162,3,12853
IMG_6401.png,3,187,3,15913
IMG_6402.png,3,178,3,11164
IMG_6403.png,3,189,3,14059
IMG_6404.png,3,237,3,19976
IMG_6405.png,3,159,3,14196
IMG_6406.png,3,113,3,11013
IMG_6407.png,3,98,3,10666
IMG_6408.png,3,84,3,10253
IMG_6409.png,3,66,3,7616
IMG_6410.png,3,81,3,8680
IMG_6411.png,3,100,3,10069
IMG_6412.png,3,153,4,17430
IMG_6413.png,3,140,4,17009
IMG_6414.png,3,65,3,5968
IMG_6415.png,3,64,3,6330
IMG_6416.png,3,74,3,6217
IMG_6417.png,3,62,3,6009
IMG_6419.png,3,68,3,5749
IMG_6421.png,3,64,3,6082
IMG_6422.png,3,76,3,7360
IMG_6425.png,3,141,3,19925
IMG_6426.png,3,119,3,15422
IMG_6427.png,3,102,3,12178
IMG_6428.png,3,84,3,10912
IMG_6429.png,3,78,3,9673
IMG_6430.png,3,89,3,9922
IMG_6431.png,3,104,4,13343
IMG_6432.png,3,88,3,12513
IMG_6433.png,3,79,4,11431
IMG_6434.png,3,45,3,7817
IMG_6435.png,3,44,3,5992
IMG_6436.png,3,47,3,5790
IMG_6437.png,3,50,3,6345
IMG_6438.png,3,39,4,7799
IMG_6439.png,3,50,3,7349
IMG_6440.png,3,99,3,14148
IMG_6441.png,3,134,4,22466
IMG_6442.png,3,113,3,17729
IMG_6443.png,3,85,3,13562
IMG_6444.png,3,78,3,10918
IMG_6445.png,3,91,3,11682
IMG_6448.png,3,63,3,9559
IMG_6449.png,3,40,3,5906
IMG_6450.png,3,69,3,8647
IMG_6452.png,3,52,3,8573
IMG_6453.png,3,82,3,11025
IMG_6454.png,3,91,3,10603
IMG_6455.png,3,87,3,9691
IMG_6456.png,3,78,3,11630
IMG_6458.png,3,99,3,12510
IMG_6459.png,3,63,3,9998
IMG_6460.png,3,66,3,8944
IMG_6462.png,3,60,3,8164
IMG_6464.png,3,47,3,9188
IMG_6465.png,3,56,3,10339
IMG_6466.png,3,52,3,8592
IMG_6467.png,3,54,3,7069
IMG_6468.png,3,74,3,10455
IMG_6469.png,3,97,3,11703
IMG_6470.png,3,56,3,8256
IMG_6471.png,3,48,3,7185
IMG_6472.png,3,65,4,11523
IMG_6473.png,3,53,4,7947
IMG_6474.png,3,76,4,13487
IMG_6475.png,3,80,3,9114
IMG_6476.png,3,53,3,8289
IMG_6477.png,3,53,4,9588
IMG_6478.png,3,38,4,8882
IMG_6479.png,3,38,4,8579
IMG_6480.png,3,29,3,5576
IMG_6481.png,3,56,3,7201
IMG_6482.png,3,48,3,7352
IMG_6483.png,3,45,3,7415
IMG_6484.png,3,34,3,6261
IMG_6485.png,3,31,3,5868
IMG_6486.png,3,65,3,8650
IMG_6487.png,3,49,3,6626
IMG_6488.png,3,48,3,7487
IMG_6489.png,3,32,3,6697
IMG_6490.png,3,49,3,6114
IMG_6491.png,3,43,3,5755
IMG_6492.png,3,43,3,5661
IMG_6493.png,3,43,3,7219
IMG_6494.png,3,47,3,8588
IMG_6495.png,3,56,3,10205
IMG_6496.png,3,50,3,8067
IMG_6497.png,3,56,3,9387
IMG_6498.png,3,88,3,10840
IMG_6499.png,3,103,3,16503
IMG_6504.png,4,81,4,10865
IMG_6505.png,4,75,4,10370
IMG_6510.png,4,61,4,6370
IMG_6511.png,4,57,4,9410
IMG_6512.png,4,58,4,9208
IMG_6513.png,4,52,4,9091
IMG_6515.png,4,73,4,9494
IMG_6516.png,4,67,4,9701
IMG_6517.png,4,73,4,10385
IMG_6518.png,4,82,4,13560
IMG_6520.png,4,68,4,12986
IMG_6521.png,4,77,4,12614
IMG_6522.png,4,68,4,11579
IMG_6523.png,4,75,4,12941
IMG_6524.png,4,59,4,10279
IMG_6525.png,4,87,4,10156
IMG_6526.png,4,70,4,9938
IMG_6528.png,4,63,4,9148
IMG_6529.png,4,75,4,9655
IMG_6530.png,6,89,6,11700
IMG_6531.png,6,91,6,11134
IMG_6532.png,6,90,7,12114
IMG_6533.png,6,98,6,10348
IMG_6534.png,6,66,6,8751
IMG_6535.png,6,63,6,8367
IMG_6536.png,6,68,6,9562
IMG_6537.png,6,96,6,11652
IMG_6538.png,6,92,6,11863
IMG_6539.png,6,104,6,12175
IMG_6540.png,6,91,6,13345
IMG_6541.png,6,71,6,12146
IMG_6542.png,6,65,6,10939
IMG_6543.png,6,67,6,12117
IMG_6544.png,6,73,6,12096
IMG_6545.png,6,75,6,10924
IMG_6546.png,6,98,6,11818
IMG_6547.png,6,88,6,9519
IMG_6548.png,6,93,6,12027
IMG_6553.png,7,125,7,21234
IMG_6554.png,7,105,7,16435
IMG_6555.png,7,113,7,15963
IMG_6556.png,7,105,7,13149
IMG_6557.png,7,115,7,13999
IMG_6558.png,7,136,7,16084
IMG_6559.png,7,108,7,14623
IMG_6560.png,7,128,7,16699
IMG_6561.png,7,123,7,16278
IMG_6562.png,7,121,7,17123
IMG_6563.png,7,126,7,14530
IMG_6564.png,7,115,7,14133
IMG_6565.png,7,92,7,13660
IMG_6566.png,7,95,7,11866
IMG_6567.png,7,96,7,13323
IMG_6568.png,7,90,7,12408
IMG_6569.png,7,86,7,12438
IMG_6570.png,7,82,7,12828
IMG_6571.png,7,91,7,13505
IMG_6572.png,7,88,7,13089
IMG_6573.png,7,99,7,11437
IMG_6574.png,7,101,7,12942
IMG_6575.png,7,107,7,15301
IMG_6576.png,7,145,7,15023
IMG_6577.png,7,127,7,14220
IMG_6578.png,7,127,7,15170
IMG_6579.png,7,135,7,13756
IMG_6580.png,7,136,7,14830
IMG_6581.png,7,105,7,14703
IMG_6582.png,7,120,7,13868
IMG_6583.png,7,100,7,15029
IMG_6584.png,7,93,7,12297
IMG_6585.png,7,100,7,15642
IMG_6586.png,7,87,7,9387
IMG_6587.png,7,119,7,12929
IMG_6588.png,7,105,6,13187
IMG_6589.png,7,105,6,13871
IMG_6590.png,7,75,7,10803
IMG_6591.png,7,79,7,9998
IMG_6592.png,7,104,7,12711
IMG_6593.png,7,111,6,12597
IMG_6594.png,7,101,7,12933
IMG_6596.png,7,109,7,12628
IMG_6597.png,7,80,7,12447
IMG_6598.png,7,111,7,13694
IMG_6599.png,7,97,7,12593
IMG_6600.png,7,94,6,13188
IMG_6601.png,7,137,7,14087
IMG_6602.png,7,102,7,11776
IMG_6603.png,7,96,6,11540
IMG_6604.png,7,93,7,11971
IMG_6605.png,7,105,7,12994
IMG_6606.png,7,104,7,11853
IMG_6607.png,7,137,7,16605
IMG_6608.png,7,102,7,13894
IMG_6609.png,7,92,7,12722
IMG_6610.png,7,102,7,12216
IMG_6611.png,7,106,7,13820
IMG_6612.png,7,108,7,16023
IMG_6613.png,7,99,7,12385
IMG_6614.png,7,120,7,15286
IMG_6615.png,7,122,7,17498
IMG_6616.png,7,123,7,16239
IMG_6617.png,7,111,7,13757
IMG_6618.png,7,96,7,13896
IMG_6619.png,7,102,7,12664
IMG_6620.png,7,103,7,11898
IMG_6621.png,7,117,7,14156
IMG_6622.png,7,106,6,12056
IMG_6623.png,7,122,7,16121
IMG_6624.png,7,112,7,16857
IMG_6625.png,7,124,7,17990
IMG_6626.png,7,120,6,14761
IMG_6627.png,7,122,6,13347
IMG_6628.png,7,100,7,15173
IMG_6629.png,7,102,7,14016
IMG_6630.png,7,87,7,11612
IMG_6631.png,7,108,6,11766
IMG_6632.png,7,111,6,14381
IMG_6633.png,7,110,7,13123
IMG_6634.png,7,119,7,12977
IMG_6635.png,7,96,6,13171
IMG_6636.png,7,80,6,11756
IMG_6637.png,7,93,7,12129
IMG_6638.png,7,97,7,13203
IMG_6639.png,7,66,7,11008
IMG_6640.png,7,95,7,10783
IMG_6641.png,7,118,7,14048
IMG_6642.png,7,92,7,12377
IMG_6643.png,7,107,7,15161
IMG_6644.png,7,111,7,15652
IMG_6645.png,7,114,7,12200
IMG_6646.png,7,132,6,14095
IMG_6647.png,7,94,7,9818
IMG_6648.png,7,141,7,18058
IMG_6649.png,7,82,6,9886
IMG_6650.png,7,117,7,15758
IMG_6651.png,7,91,7,13424
IMG_6652.png,7,126,7,15727
IMG_6653.png,7,104,7,12667
IMG_6654.png,7,141,7,18441
IMG_6655.png,7,124,7,16514
IMG_6656.png,7,120,7,16770
IMG_6657.png,7,108,7,16975
IMG_6658.png,7,100,7,11898
IMG_6659.png,7,96,7,12066
IMG_6680.png,8,106,8,13378
IMG_6681.png,8,110,8,13131
IMG_6682.png,8,101,8,13935
IMG_6683.png,8,115,8,13733
IMG_6684.png,8,101,8,14318
IMG_6685.png,8,101,8,14101
IMG_6686.png,8,140,8,18601
IMG_6687.png,8,102,8,13595
IMG_6688.png,8,123,8,12332
IMG_6689.png,8,122,8,12703
IMG_6690.png,8,103,8,13093
IMG_6691.png,8,107,8,14104
IMG_6692.png,8,115,8,14629
IMG_6693.png,8,108,8,17418
IMG_6694.png,8,98,7,11147
IMG_6695.png,8,127,7,15341
IMG_6696.png,8,114,7,13849
IMG_6697.png,8,127,7,15274
IMG_6698.png,8,108,7,13117
IMG_6699.png,8,101,7,11562
IMG_6700.png,8,108,8,14022
IMG_6701.png,8,119,7,14112
IMG_6702.png,8,115,7,14072
IMG_6703.png,8,122,8,14245
IMG_6704.png,8,94,8,12666
IMG_6705.png,8,107,8,15351
IMG_6706.png,8,135,8,14809
IMG_6707.png,8,104,7,15304
IMG_6708.png,8,141,7,20924
IMG_6709.png,8,103,8,17093
IMG_6710.png,8,119,8,13785
IMG_6711.png,8,118,8,12694
IMG_6712.png,8,95,7,11439
IMG_6713.png,8,96,8,13966
IMG_6714.png,8,90,8,10152
IMG_6715.png,8,105,8,11060
IMG_6716.png,8,108,8,11914
IMG_6717.png,8,93,7,9831
IMG_6718.png,8,121,8,11663
IMG_6719.png,8,102,8,12712
IMG_6720.png,8,101,8,13156
IMG_6721.png,8,109,8,13626
IMG_6722.png,8,86,8,12986
IMG_6723.png,8,90,8,12235
IMG_6724.png,8,109,7,16632
IMG_6725.png,8,113,8,15650
IMG_6726.png,8,112,8,16153
IMG_6727.png,8,100,8,13776
IMG_6728.png,8,117,8,15141
IMG_6729.png,8,120,8,15909
IMG_6730.png,8,109,7,12142
IMG_6731.png,8,89,7,11232
IMG_6732.png,8,110,8,15703
IMG_6733.png,8,98,8,13333
IMG_6734.png,8,89,8,12211
IMG_6735.png,8,98,7,11600
IMG_6736.png,8,110,8,16256
IMG_6737.png,8,110,8,15219
IMG_6738.png,8,114,8,15796
IMG_6739.png,8,128,8,17534
IMG_6740.png,8,99,8,15883
IMG_6741.png,8,116,8,16175
IMG_6742.png,8,123,7,16766
IMG_6743.png,8,119,8,16234
IMG_6744.png,8,102,8,14818
IMG_6745.png,8,104,8,17037
IMG_6746.png,8,118,7,13344
IMG_6747.png,8,122,7,14926
IMG_6748.png,8,122,8,16327
IMG_6749.png,8,102,8,15703
IMG_6750.png,8,126,8,16901
IMG_6751.png,8,106,6,16144
IMG_6752.png,8,124,7,16232
IMG_6753.png,8,83,8,11404
IMG_6754.png,8,104,8,13319
IMG_6755.png,8,120,8,17443
IMG_6756.png,8,125,8,17259
IMG_6757.png,8,116,8,14353
IMG_6758.png,8,103,8,11848
IMG_6759.png,8,151,8,16935
IMG_6760.png,8,162,8,19261
IMG_6762.png,8,118,8,17443
IMG_6763.png,8,113,8,16650
IMG_6764.png,8,103,8,14973
IMG_6765.png,8,110,8,16402
IMG_6766.png,8,121,8,14834
IMG_6767.png,8,98,8,12710
IMG_6768.png,8,109,8,13059
IMG_6769.png,8,124,8,17922
IMG_6770.png,8,116,7,16510
IMG_6771.png,8,102,8,13554
IMG_6772.png,8,113,8,16653
IMG_6773.png,8,152,8,18288
IMG_6774.png,8,132,8,14791
IMG_6775.png,8,133,8,16725
IMG_6776.png,8,148,6,16308
IMG_6777.png,8,154,7,17075
IMG_6778.png,8,183,7,21755
IMG_6779.png,8,155,7,19335
IMG_6780.png,8,134,8,17822
IMG_6781.png,8,135,7,16335
IMG_6782.png,8,181,8,19946
IMG_6783.png,8,156,8,17362
IMG_6784.png,8,161,8,18558
IMG_6785.png,8,168,8,16941
IMG_6786.png,8,131,8,13667
IMG_6787.png,8,124,8,14065
IMG_6788.png,8,110,8,13095
IMG_6789.png,8,122,8,12695
IMG_6790.png,8,130,8,12933
IMG_6791.png,8,140,8,14908
IMG_6792.png,8,169,8,20762
IMG_6793.png,8,140,8,17220
IMG_6794.png,8,168,8,17109
IMG_6795.png,8,155,8,16631
IMG_6796.png,8,163,7,19513
IMG_6797.png,8,145,8,14456
IMG_6798.png,8,107,8,10532
IMG_6799.png,8,154,8,15034
IMG_6800.png,8,141,8,14806
IMG_6801.png,8,159,8,20147
IMG_6802.png,8,202,8,21633
IMG_6803.png,8,159,8,17042
IMG_6804.png,8,166,8,18250
IMG_6805.png,8,112,8,11121
IMG_6806.png,8,138,8,14037
IMG_6807.png,8,151,8,13633
IMG_6808.png,8,200,8,20297
IMG_6809.png,8,244,8,23064
IMG_6810.png,8,212,8,19315
IMG_6811.png,8,318,7,29184
IMG_6812.png,8,242,7,21448
IMG_6813.png,8,262,7,23045
IMG_6814.png,8,236,7,22186
IMG_6815.png,8,270,7,24006
IMG_6816.png,8,196,8,19156
IMG_6817.png,8,245,8,23807
IMG_6818.png,8,260,8,21692
IMG_6819.png,8,294,7,28025
IMG_6820.png,8,194,8,16673
IMG_6821.png,8,220,8,21971
IMG_6822.png,8,172,7,12593
IMG_6823.png,8,195,8,16680
IMG_6824.png,8,284,8,23519
IMG_6834.png,9,278,7,25122
IMG_6835.png,9,225,9,22415
IMG_6836.png,9,265,9,22604
IMG_6837.png,9,231,9,19222
IMG_6838.png,9,251,9,23505
IMG_6839.png,9,271,10,22754
IMG_6840.png,9,259,9,22438
IMG_6841.png,9,222,9,19960
IMG_6842.png,9,190,8,19378
IMG_6843.png,9,199,9,20717
IMG_6844.png,9,205,9,19701
IMG_6845.png,9,206,9,20620
IMG_6846.png,9,187,9,18403
IMG_6848.png,9,197,9,18099
IMG_6850.png,10,211,10,17755
IMG_6851.png,10,219,10,18903
IMG_6852.png,10,188,10,16517
IMG_6853.png,10,188,9,16209
IMG_6854.png,10,190,10,16559
IMG_6855.png,10,204,10,17117
IMG_6857.png,10,172,10,16443
IMG_6858.png,10,154,9,14664
IMG_6859.png,10,241,9,23104
IMG_6860.png,10,232,10,22083
IMG_6861.png,10,259,10,23823
IMG_6862.png,10,208,9,22080
IMG_6863.png,10,204,10,19989
IMG_6864.png,10,240,10,23440
IMG_6865.png,10,242,10,21570
IMG_6866.png,10,215,10,21327
IMG_6867.png,10,224,10,21919
IMG_6868.png,10,255,10,26821
IMG_6869.png,10,237,10,26105
IMG_6870.png,10,266,9,22672
IMG_6871.png,10,262,11,24097
IMG_6872.png,10,223,10,20578
IMG_6873.png,10,243,9,21027
IMG_6874.png,10,199,10,18448
IMG_6875.png,10,183,10,17864
IMG_6876.png,10,188,10,18126
IMG_6877.png,10,185,10,18379
IMG_6878.png,10,229,10,20564
IMG_6879.png,10,226,10,20616
IMG_6880.png,10,203,10,19790
IMG_6881.png,10,221,10,20011
IMG_6882.png,10,249,10,21640
IMG_6883.png,10,248,9,24776
IMG_6884.png,10,204,10,21985
IMG_6885.png,10,274,10,26439
IMG_6886.png,10,221,10,22967
IMG_6887.png,10,183,10,18889
IMG_6888.png,10,206,10,20985
IMG_6889.png,10,210,10,21118
IMG_6890.png,10,240,9,19270
IMG_6891.png,10,235,10,20377
IMG_6892.png,10,201,10,20454
IMG_6893.png,10,221,10,22459
IMG_6935.png,11,195,11,18930
IMG_6936.png,11,205,11,18727
IMG_6937.png,11,201,11,19798
IMG_6938.png,11,232,11,18914
IMG_6939.png,11,215,11,19451
IMG_6940.png,11,319,11,29152
IMG_6941.png,11,273,11,27597
IMG_6942.png,11,221,11,21469
IMG_6943.png,11,216,11,21883
IMG_6944.png,11,237,11,19603
IMG_6945.png,11,235,11,20647
IMG_6946.png,11,229,11,19794
IMG_6947.png,11,218,10,18605
IMG_6948.png,11,199,11,19875
IMG_6949.png,11,188,11,20063
IMG_6950.png,11,189,10,17348
IMG_6951.png,11,178,10,16805
IMG_6952.png,11,191,10,17640
IMG_6953.png,11,192,10,17964
IMG_6954.png,11,194,10,18428
IMG_6955.png,11,207,11,20367
IMG_6956.png,11,213,11,19488
IMG_6957.png,11,188,11,18259
IMG_6958.png,11,220,11,22622
IMG_6959.png,11,236,11,26424
IMG_6960.png,11,208,11,21776
IMG_6961.png,11,245,11,20083
IMG_6962.png,11,247,11,21597
IMG_6963.png,11,157,11,15744
IMG_6964.png,11,136,11,15199
IMG_6965.png,11,166,11,15984
IMG_6966.png,11,155,11,16609
IMG_6967.png,11,151,11,15865
IMG_6968.png,11,166,11,16175
IMG_6969.png,11,168,11,17102
IMG_6970.png,11,148,11,16824
IMG_6971.png,11,162,11,17022
IMG_6972.png,11,166,11,15542
IMG_6973.png,11,239,11,21325
IMG_6974.png,12,199,12,18780
IMG_6975.png,12,282,11,25113
IMG_6976.png,12,324,12,30782
IMG_6977.png,12,291,12,26762
IMG_6978.png,12,227,12,21916
IMG_6979.png,12,241,12,23743
IMG_6980.png,12,295,12,24661
IMG_6981.png,12,205,10,20453
IMG_6982.png,12,281,10,24794
IMG_6983.png,12,199,10,18223
IMG_6984.png,12,268,11,25233
IMG_6985.png,12,243,9,23226
IMG_6986.png,12,225,11,21121
IMG_6987.png,12,211,11,20538
IMG_6988.png,12,187,12,18262
IMG_6989.png,12,196,12,18284
IMG_6990.png,12,194,12,18378
IMG_6991.png,12,213,12,18794
IMG_6992.png,12,245,12,19631
IMG_6993.png,12,245,12,19649
IMG_6994.png,12,208,12,17734
IMG_6995.png,12,204,12,16677
IMG_6996.png,12,181,12,16897
IMG_6997.png,12,206,12,17439
IMG_6998.png,12,163,12,16844
IMG_6999.png,12,197,12,16666
IMG_7001.png,12,237,12,19896
IMG_7002.png,12,204,12,18105
IMG_7003.png,12,195,12,18375
IMG_7004.png,12,218,12,19805
IMG_7005.png,12,224,12,19112
IMG_7006.png,12,227,12,18113
IMG_7007.png,12,196,12,17462
IMG_7008.png,12,202,12,17101
IMG_7009.png,12,257,12,19442
IMG_7010.png,12,194,12,18430
IMG_7011.png,12,213,12,20722
IMG_7012.png,12,243,11,21056
IMG_7013.png,12,234,11,20248
IMG_7014.png,12,202,12,18596
IMG_7015.png,12,239,12,21099
IMG_7016.png,12,247,11,21317
IMG_7017.png,12,218,12,19581
IMG_7018.png,12,177,11,17908
IMG_7019.png,12,249,11,20785
IMG_7020.png,12,250,12,20905
IMG_7021.png,12,200,12,19033
IMG_7022.png,12,231,12,20382
IMG_7023.png,12,164,12,16342
IMG_7024.png,12,223,9,19768
IMG_7025.png,12,228,12,21217
IMG_7026.png,12,219,11,18324
IMG_7027.png,12,220,12,20603
IMG_7028.png,12,226,11,19742
IMG_7029.png,12,232,12,18762
IMG_7030.png,12,193,12,17969
IMG_7031.png,12,198,12,17719
IMG_7032.png,12,220,12,19127
IMG_7033.png,12,224,11,19787
IMG_7034.png,12,241,12,20071
IMG_7035.png,12,234,12,18797
IMG_7036.png,12,212,10,20438
IMG_7037.png,12,224,11,17055
IMG_7038.png,12,238,11,20765
IMG_7039.png,12,197,12,19391
IMG_7040.png,12,257,12,22840
IMG_7041.png,12,229,11,17445
IMG_7042.png,12,240,11,22178
IMG_7043.png,12,211,12,20040
IMG_7044.png,12,272,12,26031
IMG_7045.png,12,242,9,20914
IMG_7046.png,12,224,12,18686
IMG_7047.png,12,209,11,20980
IMG_7048.png,12,225,10,20926
IMG_7049.png,12,214,10,18581
IMG_7050.png,12,229,12,20024
IMG_7051.png,12,233,12,21047
IMG_7052.png,12,225,12,21761
IMG_7053.png,12,237,11,22434
IMG_7054.png,12,212,12,19124
IMG_7055.png,12,174,11,15142
IMG_7056.png,12,205,12,19422
IMG_7057.png,12,220,12,18786
IMG_7058.png,12,226,11,18838
IMG_7059.png,12,197,12,20017
IMG_7060.png,12,242,11,22754
IMG_7061.png,12,236,12,22757
IMG_7062.png,12,244,11,19683
IMG_7063.png,12,233,12,20860
IMG_7064.png,12,241,11,17861
IMG_7065.png,12,218,12,20082
IMG_7066.png,12,261,12,22385
IMG_7067.png,12,261,10,22571
IMG_7068.png,12,260,11,22607
IMG_7069.png,12,203,12,20688
IMG_7070.png,12,155,10,16899
IMG_7071.png,12,187,12,18247
IMG_7072.png,12,175,12,18890
IMG_7073.png,12,185,11,21401
IMG_7074.png,12,221,12,20521
IMG_7075.png,12,237,11,20595
IMG_7076.png,12,240,12,21353
IMG_7077.png,12,237,12,20490
IMG_7078.png,12,232,12,20552
IMG_7079.png,12,246,10,20504
IMG_7080.png,12,217,12,20923
IMG_7081.png,12,236,12,20929
IMG_7082.png,12,206,11,20307
IMG_7083.png,12,236,12,20125
IMG_7084.png,12,210,12,19364
IMG_7120.png,13,306,12,25314
IMG_7121.png,13,264,12,23112
IMG_7122.png,13,231,12,19556
IMG_7123.png,13,347,12,27975
IMG_7124.png,13,324,12,24164
IMG_7126.png,13,317,11,24085
IMG_7127.png,13,322,11,22754
IMG_7128.png,13,278,12,22188
IMG_7129.png,13,254,12,22041
IMG_7130.png,13,256,12,22150
IMG_7143.png,14,294,11,23577
IMG_7144.png,14,291,12,21000
IMG_7145.png,14,242,12,21597
IMG_7146.png,14,258,12,19622
IMG_7147.png,14,228,12,17356
IMG_7148.png,14,253,12,21461
IMG_7149.png,14,191,11,14773
IMG_7150.png,14,228,9,16169
IMG_7151.png,14,220,11,18544
IMG_7152.png,14,259,12,21563
IMG_7153.png,14,215,11,20489
IMG_7154.png,14,267,12,20849
IMG_7155.png,14,241,12,19127
IMG_7156.png,14,227,11,17844
IMG_7157.png,14,200,11,18272
IMG_7158.png,14,235,11,18772
IMG_7159.png,14,233,12,18806
IMG_7160.png,14,212,11,18747
IMG_7161.png,14,154,11,14326
IMG_7162.png,14,216,11,16763
IMG_7163.png,14,224,12,19336
IMG_7164.png,14,211,12,16916
IMG_7165.png,14,218,12,16794
IMG_7166.png,14,238,12,19803
IMG_7167.png,14,207,12,19607
IMG_7168.png,14,194,12,18473
IMG_7169.png,14,210,11,17335
IMG_7170.png,14,215,10,19570
IMG_7171.png,14,250,12,19733
IMG_7172.png,14,279,12,23833
IMG_7173.png,14,239,11,21175
IMG_7174.png,14,288,12,22417
IMG_7175.png,14,212,12,18746
IMG_7176.png,14,278,12,24524
IMG_7177.png,14,269,12,23142
IMG_7178.png,14,234,12,20457
IMG_7179.png,14,305,12,28416
IMG_7180.png,14,251,11,23100
IMG_7181.png,14,229,11,22579
IMG_7182.png,14,237,11,19612
IMG_7183.png,14,212,11,20464
IMG_7184.png,14,210,11,19781
IMG_7185.png,14,228,12,23225
IMG_7186.png,14,248,12,18785
IMG_7187.png,14,224,11,16652
IMG_7188.png,14,182,12,19657
IMG_7189.png,14,186,12,19346
IMG_7190.png,14,190,12,19425
IMG_7191.png,14,187,12,19466
IMG_7192.png,14,187,12,19373
IMG_7193.png,14,199,12,18335
IMG_7194.png,14,248,12,19510
IMG_7195.png,14,226,12,16887
IMG_7196.png,14,201,12,17831
IMG_7197.png,14,232,12,18919
IMG_7198.png,14,218,12,19258
IMG_7199.png,14,239,11,18952
IMG_7200.png,14,220,12,18857
IMG_7201.png,14,195,12,16980
IMG_7202.png,14,241,12,17168
IMG_7203.png,14,198,12,17113
IMG_7204.png,14,170,12,15741
IMG_7205.png,14,191,10,16292
IMG_7206.png,14,200,10,15898
IMG_7207.png,14,164,10,16372
IMG_7209.png,0,0,0,0
IMG_7210.png,0,0,0,0
IMG_7211.png,0,0,0,0
IMG_7212.png,0,0,0,0
IMG_7213.png,0,0,0,0
IMG_7214.png,0,0,0,0
IMG_7215.png,0,0,0,0
IMG_7216.png,0,0,0,0
IMG_7217.png,0,0,0,0
IMG_7218.png,0,0,0,0
IMG_7219.png,0,0,0,0
IMG_7220.png,0,0,0,0
IMG_7221.png,0,0,0,0
IMG_7222.png,0,0,0,0
IMG_7223.png,0,0,0,0
IMG_7224.png,0,0,0,0
IMG_7225.png,0,0,0,0
IMG_7226.png,0,0,0,0
IMG_7227.png,0,0,0,0
IMG_7228.png,0,0,0,0
IMG_7229.png,0,0,0,0
IMG_7230.png,0,0,0,0
IMG_7231.png,0,0,0,0
IMG_7232.png,0,0,0,0
IMG_7233.png,0,0,0,0
IMG_7234.png,0,0,0,0
IMG_7235.png,0,0,0,0
IMG_7236.png,0,0,0,0
IMG_7237.png,0,0,0,0
IMG_7238.png,0,0,0,0
IMG_7239.png,0,0,0,0
IMG_7240.png,0,0,0,0
IMG_7241.png,0,0,0,0
IMG_7242.png,0,0,0,0
IMG_7243.png,0,0,0,0
IMG_7244.png,0,0,0,0
IMG_7245.png,0,0,0,0
IMG_7246.png,0,0,0,0
IMG_7247.png,0,0,0,0
IMG_7248.png,0,0,0,0
IMG_7249.png,0,0,0,0
IMG_7250.png,0,0,0,0
IMG_7251.png,0,0,0,0
IMG_7252.png,0,0,0,0
IMG_7253.png,0,0,0,0
IMG_7254.png,0,0,0,0
IMG_7255.png,0,0,0,0
IMG_7256.png,0,0,0,0
IMG_7257.png,0,0,0,0
IMG_7258.png,0,0,0,0
IMG_7259.png,0,0,0,0
IMG_7260.png,0,0,0,0
IMG_7261.png,0,0,0,0
IMG_7262.png,0,0,0,0
IMG_7263.png,0,0,0,0
IMG_7264.png,0,0,0,0
IMG_7265.png,0,0,0,0
IMG_7266.png,0,0,0,0
IMG_7267.png,0,0,0,0
IMG_7268.png,0,0,0,0
IMG_7269.png,0,0,0,0
IMG_7270.png,0,0,0,0
IMG_7271.png,0,0,0,0
IMG_7272.png,0,0,0,0
IMG_7273.png,0,0,0,0
IMG_7274.png,0,0,0,0
IMG_7275.png,0,0,0,0
IMG_7276.png,0,0,0,0
IMG_7277.png,0,0,0,0
IMG_7278.png,0,0,0,0
IMG_7279.png,0,0,0,0
IMG_7292.png,0,0,0,0
IMG_7293.png,0,0,0,0
IMG_7294.png,0,0,0,0
IMG_7295.png,0,0,0,0
IMG_7296.png,0,0,0,0
IMG_7297.png,0,0,0,0
IMG_7298.png,0,0,0,0
IMG_7299.png,0,0,0,0
IMG_7300.png,0,0,0,0
IMG_7301.png,0,0,0,0
IMG_7302.png,0,0,0,0
IMG_7303.png,0,0,0,0
IMG_7304.png,0,0,0,0
IMG_7305.png,0,0,0,0
IMG_7306.png,0,0,0,0
IMG_7307.png,0,0,0,0
IMG_7308.png,0,0,0,0
IMG_7309.png,0,0,0,0
IMG_7310.png,0,0,0,0
IMG_7311.png,0,0,0,0
IMG_7312.png,0,0,0,0
IMG_7313.png,0,0,0,0
IMG_7314.png,0,0,0,0
IMG_7315.png,0,0,0,0
IMG_7316.png,0,0,0,0
IMG_7317.png,0,0,0,0
IMG_7318.png,0,0,0,0
IMG_7319.png,0,0,0,0
IMG_7320.png,0,0,0,0
IMG_7321.png,0,0,0,0
IMG_7322.png,0,0,0,0
IMG_7323.png,0,0,0,0
IMG_7324.png,0,0,0,0
IMG_7325.png,0,0,0,0
IMG_7326.png,0,0,0,0
IMG_7327.png,0,0,0,0
IMG_7328.png,0,0,0,0
IMG_7329.png,0,0,0,0
IMG_7330.png,0,0,0,0
IMG_7331.png,0,0,0,0
IMG_7332.png,0,0,0,0
IMG_7333.png,0,0,0,0
IMG_7334.png,0,0,0,0
IMG_7335.png,0,0,0,0
IMG_7336.png,0,0,0,0
IMG_7337.png,0,0,0,0
IMG_7338.png,0,0,0,0
IMG_7344.png,0,0,0,0
IMG_7345.png,0,0,0,0
IMG_7346.png,0,0,0,0
IMG_7347.png,0,0,0,0
IMG_7348.png,0,0,0,0
